item_id,name,category,kind,rarity,sell_price,is_equipment,equipment_slot,set_id,area_sources,monster_sources,shop_sources,boss_sources,rematch_sources,valhalla_sources,raid_sources,estimated_weight,estimated_rate_band,progression_tier,current_purpose,purpose_count,expected_consumption,expected_surplus_risk,gold_farming_risk,is_key_material,is_direct_gear_drop,risk,recommendation
wpn_unique_bind,古びた繋ぎ糸,equipment,playable_gear,Uni,50,YES,weapon,—,—,—,—,—,—,—,—,0,0/none,early,playable_gear,1,—,low,low,NO,NO,ok,maintain
wpn_unique_old_hammer,古炉の訓練槌,equipment,playable_gear,Uni,1,YES,weapon,—,—,—,—,—,—,—,—,0,0/none,early,playable_gear,1,—,low,low,NO,NO,ok,maintain
wpn_unique_old_shield,古王の割盾,equipment,playable_gear,Uni,50,YES,weapon,—,—,—,—,—,—,—,—,0,0/none,early,playable_gear,1,—,low,low,NO,NO,ok,maintain
wpn_unique_tuner,壊れた調律器,equipment,playable_gear,Uni,50,YES,weapon,—,—,—,—,—,—,—,—,0,0/none,early,playable_gear,1,—,low,low,NO,NO,ok,maintain
wpn_unique_star_scar,星痕の古槍,equipment,playable_gear,Uni,50,YES,weapon,—,—,—,—,—,—,—,—,0,0/none,early,playable_gear,1,—,low,low,NO,NO,ok,maintain
wpn_unique_echo,残響の古弓,equipment,playable_gear,Uni,50,YES,weapon,—,—,—,—,—,—,—,—,0,0/none,early,playable_gear,1,—,low,low,NO,NO,ok,maintain
wpn_unique_deep,深層の砲筒,equipment,playable_gear,Uni,50,YES,weapon,—,機工整備場(deep_furnace_outpost),—,—,—,—,—,—,6,0.31/100 trace,late,playable_gear,1,—,low,low,NO,YES,ok,maintain
wpn_unique_lamp,灯火の古杖,equipment,playable_gear,Uni,50,YES,weapon,—,—,—,—,—,—,—,—,0,0/none,early,playable_gear,1,—,low,low,NO,NO,ok,maintain
wpn_unique_mirror,灰鏡の刀,equipment,playable_gear,Uni,50,YES,weapon,—,—,—,—,—,—,—,—,0,0/none,early,playable_gear,1,—,low,low,NO,NO,ok,maintain
wpn_unique_silver,白銀の古槌,equipment,playable_gear,Uni,50,YES,weapon,—,—,—,—,—,—,—,—,0,0/none,early,playable_gear,1,—,low,low,NO,NO,ok,maintain
wpn_unique_mist_lantern,霧灯の星杖,equipment,playable_gear,Uni,1,YES,weapon,—,—,—,—,—,—,—,—,0,0/none,early,playable_gear,1,—,low,low,NO,NO,ok,maintain
wpn_unique_twilight,黄昏の古剣,equipment,playable_gear,Uni,50,YES,weapon,—,—,—,—,—,—,—,—,0,0/none,early,playable_gear,1,—,low,low,NO,NO,ok,maintain
wpn_unique_black_fox,黒狐の短刃,equipment,playable_gear,Uni,50,YES,weapon,—,—,—,—,—,—,—,—,0,0/none,early,playable_gear,1,—,low,low,NO,NO,ok,maintain
raid_machina_echo,マキナの残響片,raid_material,raid_material,UR,95,NO,—,—,マキナの残響区画(valhalla_fortress),—,—,—,—,YES,YES,20.4,11.7/100 mid,valhalla,raid_material,1,—,high,low,NO,NO,over_supplied,lower_supply
acc_valhalla_necklace,ヴァルハラの首飾り,equipment,playable_gear,UR,10500,YES,accessory1,—,—,—,valhalla_fortress,—,—,—,—,0,0/none,early,playable_gear,1,4,low,high,NO,NO,ok,maintain
wpn_valhalla_blade,ヴァルハラ・ブレード,equipment,playable_gear,UR,50,YES,weapon,—,ヴァルハラ外郭(valhalla_fortress),—,—,—,—,YES,—,2,0.28/100 trace,valhalla,playable_gear,1,4,low,low,NO,YES,ok,maintain
arm_set_valhalla_head,ヴァルハラ兜,equipment,playable_gear,UR,40,YES,head,set_valhalla,ヴァルハラ外郭(valhalla_fortress),—,—,—,—,YES,—,3,0.29/100 trace,valhalla,playable_gear,1,4,low,low,NO,YES,ok,maintain
arm_set_valhalla_arms,ヴァルハラ篭手,equipment,playable_gear,UR,40,YES,arms,set_valhalla,統治軍制御室(valhalla_fortress),—,—,—,—,YES,—,8.16,0.33/100 trace,valhalla,playable_gear,1,4,low,low,NO,YES,ok,maintain
arm_set_valhalla_legs,ヴァルハラ腿当て,equipment,playable_gear,UR,40,YES,legs,set_valhalla,実験区画(valhalla_fortress),—,—,—,—,YES,—,10.32,0.34/100 trace,valhalla,playable_gear,1,4,low,low,NO,YES,ok,maintain
mat_valhalla_plate,ヴァルハラ装甲片,area_material,enhance_material,UR,200,NO,—,—,—,—,—,—,—,—,—,0,0/none,early,enhance_material,1,—,low,high,NO,NO,ok,maintain
raid_valhalla_plate,ヴァルハラ装甲片,raid_material,raid_material,UR,95,NO,—,—,ヴァルハラ外郭(valhalla_fortress),—,—,—,—,YES,YES,6,3.4/100 low,valhalla,raid_material,1,—,low,low,NO,NO,ok,maintain
arm_set_valhalla_body,ヴァルハラ鎧,equipment,playable_gear,UR,40,YES,body,set_valhalla,機械兵格納庫(valhalla_fortress),—,—,—,—,YES,—,3,0.29/100 trace,valhalla,playable_gear,1,4,low,low,NO,YES,ok,maintain
arm_set_valhalla_feet,ヴァルハラ靴,equipment,playable_gear,UR,40,YES,feet,set_valhalla,空塞昇降路(valhalla_fortress),—,—,—,—,YES,—,6,0.31/100 trace,valhalla,playable_gear,1,4,low,low,NO,YES,ok,maintain
src_old_king_mark,古王の印,src_core,src_material,UR,1000,NO,—,—,—,—,—,—,—,—,—,0,0/none,late_pre,src_material,1,3,low,high,YES,NO,ok,maintain
upg_old_king_stone,古王の強化石,upgrade_stone,enhance_material,UR,400,NO,—,—,—,—,—,—,—,—,—,0,0/none,early,enhance_material,1,—,low,high,NO,NO,ok,maintain
acc_old_king_seal,旧王の印章,equipment,playable_gear,UR,15000,YES,accessory2,—,旧王の玉座(valhalla_fortress),—,—,—,—,YES,—,12.48,0.36/100 trace,valhalla,playable_gear,1,4,low,high,NO,YES,ok,maintain
raid_old_king_film,旧王の影片,raid_material,raid_material,UR,100,NO,—,—,旧王の玉座(valhalla_fortress),—,—,—,—,YES,YES,14.64,8.4/100 mid,valhalla,raid_material,1,—,high,high,NO,NO,balance_risk,lower_supply
dism_old_king,旧王の装甲片,dismantle_material,set_material,UR,120,NO,—,—,—,—,—,—,—,—,—,0,0/none,early,set_material,1,—,low,high,NO,NO,ok,maintain
wpn_old_king_staff,旧王の魔杖,equipment,playable_gear,UR,50,YES,weapon,—,旧王の玉座(valhalla_fortress),—,—,—,—,YES,—,12.48,0.36/100 trace,valhalla,playable_gear,1,4,low,low,NO,YES,ok,maintain
arm_set_old_king_head,旧王兜,equipment,playable_gear,UR,40,YES,head,set_old_king,旧王の玉座(valhalla_fortress),—,—,—,—,YES,—,6.24,0.31/100 trace,valhalla,playable_gear,1,4,low,low,NO,YES,ok,maintain
arm_set_old_king_arms,旧王篭手,equipment,playable_gear,UR,40,YES,arms,set_old_king,旧王の玉座(valhalla_fortress),—,—,—,—,YES,—,12.48,0.36/100 trace,valhalla,playable_gear,1,4,low,low,NO,YES,ok,maintain
arm_set_old_king_legs,旧王腿当て,equipment,playable_gear,UR,40,YES,legs,set_old_king,深層炉心(valhalla_fortress),—,—,—,—,YES,—,14.64,0.37/100 trace,valhalla,playable_gear,1,4,low,low,NO,YES,ok,maintain
arm_set_old_king_body,旧王鎧,equipment,playable_gear,UR,40,YES,body,set_old_king,マキナの残響区画(valhalla_fortress),—,—,—,—,YES,—,8.399999999999999,0.33/100 trace,valhalla,playable_gear,1,4,low,low,NO,YES,ok,maintain
arm_set_old_king_feet,旧王靴,equipment,playable_gear,UR,40,YES,feet,set_old_king,マキナの残響区画(valhalla_fortress),—,—,—,—,YES,—,16.799999999999997,0.39/100 trace,valhalla,playable_gear,1,4,low,low,NO,YES,ok,maintain
raid_control_chip,旧統治軍制御片,raid_material,raid_material,UR,90,NO,—,—,実験区画(valhalla_fortress); 統治軍制御室(valhalla_fortress),—,—,—,—,YES,YES,20.64,5.9/100 low,valhalla,raid_material,1,—,low,low,NO,NO,ok,maintain
mat_star_pilgrim_echo,星巡の残響,boss_material,enhance_material,UR,1,NO,—,—,—,—,—,—,rematch,—,—,0,0/none,early,kai_material,1,—,low,low,YES,NO,ok,maintain
src_star_scar_crystal,星痕結晶,src_upgrade_material,src_material,UR,900,NO,—,—,—,—,—,—,—,—,—,0,0/none,early,src_material,1,—,low,high,NO,NO,ok,maintain
mat_starfall_shard,星落ちの破片,area_material,enhance_material,UR,160,NO,—,—,星落ちの観測台(starfall_observatory); 砕けた望遠塔(starfall_observatory); 星屑の実験室(starfall_observatory); 天文記録室(starfall_observatory); 落星孔(starfall_observatory),—,—,—,—,—,—,51.52,5.9/100 low,late,enhance_material; src_material,2,10,low,high,YES,NO,ok,maintain
wpn_starfall_judge,星落ちの裁杖,equipment,playable_gear,UR,50,YES,weapon,—,砕けた望遠塔(starfall_observatory); 星屑の実験室(starfall_observatory),—,—,—,—,—,—,12,0.31/100 trace,late,playable_gear,1,4,low,low,NO,YES,ok,maintain
rep_deep_repair,深層修復材,repair_material,repair_material,UR,150,NO,—,—,—,—,ash_capital; deep_furnace_outpost; valhalla_fortress,—,—,—,—,0,0/none,early,repair_material,1,—,low,high,NO,NO,ok,maintain
upg_deep_core_stone,深層強化核,upgrade_stone,enhance_material,UR,500,NO,—,—,—,—,deep_furnace_outpost; valhalla_fortress,—,—,—,—,0,0/none,early,enhance_material,1,—,low,high,NO,NO,ok,maintain
mat_deep_soot,深層炉の煤,area_material,enhance_material,UR,150,NO,—,—,深層炉入口(deep_furnace_outpost); 炉心監視塔(deep_furnace_outpost),—,—,—,—,—,—,16,4.6/100 low,late_pre,enhance_material; src_material,2,10,low,high,YES,NO,ok,maintain
raid_deep_core,深層炉心核片,raid_material,raid_material,UR,95,NO,—,—,深層炉心(valhalla_fortress),—,—,—,—,YES,YES,17.52,10.0/100 mid,valhalla,raid_material,1,—,high,low,NO,NO,over_supplied,lower_supply
src_deep_crystal,深層炉心結晶,src_upgrade_material,src_material,UR,950,NO,—,—,—,—,—,—,—,—,—,0,0/none,early,src_material,1,—,low,high,NO,NO,ok,maintain
src_deep_furnace,深層炉核,src_core,src_material,UR,1000,NO,—,—,アーク残滓研究所(deep_furnace_outpost),—,—,—,—,—,—,8.16,4.7/100 low,late,src_material,1,3,low,high,YES,NO,ok,maintain
wpn_deep_cannon_regin,深層砲レギン,equipment,playable_gear,UR,50,YES,weapon,—,アーク残滓研究所(deep_furnace_outpost); 統治軍制御室(valhalla_fortress),—,—,—,—,YES,—,16.32,0.33/100 trace,late,playable_gear,1,4,low,low,NO,YES,ok,maintain
src_ash_star,灰星結晶,src_core,src_material,UR,1000,NO,—,—,破れた玉座前(ash_capital),—,—,—,—,—,—,8.16,4.7/100 low,late_pre,src_material,1,2,low,high,YES,NO,ok,maintain
wpn_ash_wing_twin,灰翼の双刃,equipment,playable_gear,UR,50,YES,weapon,—,—,—,—,—,—,—,—,0,0/none,late_pre,playable_gear,1,4,low,low,NO,NO,ok,maintain
src_mirror_shard,灰鏡片,src_core,src_material,UR,900,NO,—,—,—,—,—,—,—,—,—,0,0/none,early,src_material,1,5,low,high,YES,NO,ok,maintain
src_mirror_crystal,灰鏡結晶,src_upgrade_material,src_material,UR,900,NO,—,—,—,—,—,—,—,—,—,0,0/none,early,src_material,1,—,low,high,NO,NO,ok,maintain
wpn_core_spear_grau,炉心槍グラウ,equipment,playable_gear,UR,50,YES,weapon,—,機械兵格納庫(valhalla_fortress),—,—,—,—,YES,—,6,0.31/100 trace,valhalla,playable_gear,1,4,low,low,NO,YES,ok,maintain
raid_furnace_unit,炉心防衛ユニット核,raid_material,raid_material,UR,100,NO,—,—,—,—,—,—,—,—,YES,0,0/none,early,raid_material,1,—,low,high,NO,NO,ok,maintain
boss_furnace_core,炉熱の番人核,boss_material,boss_material,UR,500,NO,—,—,鉄熱の補給路(deep_furnace_outpost),—,—,boss_pool,—,—,—,10.32,5.9/100 low,late,src_material,1,—,low,high,NO,NO,ok,maintain
boss_silent_page,無答の守護者の頁,boss_material,boss_material,UR,500,NO,—,—,無答の書庫(moon_library),—,—,boss_pool,—,—,—,1.96,1.1/100 low,late_pre,src_material,1,—,low,high,NO,NO,ok,maintain
wpn_sky_bow_fress,空塞弓フレス,equipment,playable_gear,UR,50,YES,weapon,—,空塞昇降路(valhalla_fortress),—,—,—,—,YES,—,6,0.31/100 trace,valhalla,playable_gear,1,4,low,low,NO,YES,ok,maintain
raid_sky_core,空塞機兵の中枢,raid_material,raid_material,UR,95,NO,—,—,機械兵格納庫(valhalla_fortress); 空塞昇降路(valhalla_fortress),—,—,—,—,YES,YES,12,3.4/100 low,valhalla,raid_material,1,—,low,low,NO,NO,ok,maintain
wpn_zero_shield,統治軍制式大盾・零式,equipment,playable_gear,UR,50,YES,weapon,—,実験区画(valhalla_fortress),—,—,—,—,YES,—,10.32,0.34/100 trace,valhalla,playable_gear,1,4,low,low,NO,YES,ok,maintain
wpn_iron_snow_king_shield,鉄雪王盾,equipment,playable_gear,UR,50,YES,weapon,—,深層炉心(valhalla_fortress),—,—,—,—,YES,—,14.64,0.37/100 trace,valhalla,playable_gear,1,4,low,low,NO,YES,ok,maintain
wpn_black_exec_sword,黒灯処刑剣,equipment,playable_gear,UR,50,YES,weapon,—,—,—,—,—,—,—,—,0,0/none,late_pre,playable_gear,1,4,low,low,NO,NO,ok,maintain
wpn_src_old_shield,Src: 古王盾,equipment,playable_gear,Src,1,YES,weapon,—,—,—,—,—,—,—,—,0,0/none,early,playable_gear,1,—,low,low,NO,NO,ok,maintain
wpn_src_star_scar,Src: 星痕槍,equipment,playable_gear,Src,1,YES,weapon,—,—,—,—,—,—,—,—,0,0/none,early,playable_gear,1,—,low,low,NO,NO,ok,maintain
wpn_src_echo,Src: 残響弓,equipment,playable_gear,Src,1,YES,weapon,—,—,—,—,—,—,—,—,0,0/none,early,playable_gear,1,—,low,low,NO,NO,ok,maintain
wpn_src_deep,Src: 深層砲,equipment,playable_gear,Src,1,YES,weapon,—,—,—,—,—,—,—,—,0,0/none,early,playable_gear,1,—,low,low,NO,NO,ok,maintain
wpn_src_lamp,Src: 灯火杖,equipment,playable_gear,Src,1,YES,weapon,—,—,—,—,—,—,—,—,0,0/none,early,playable_gear,1,—,low,low,NO,NO,ok,maintain
wpn_src_mirror,Src: 灰鏡刀,equipment,playable_gear,Src,1,YES,weapon,—,—,—,—,—,—,—,—,0,0/none,early,playable_gear,1,—,low,low,NO,NO,ok,maintain
wpn_src_silver,Src: 白銀槌,equipment,playable_gear,Src,1,YES,weapon,—,—,—,—,—,—,—,—,0,0/none,early,playable_gear,1,—,low,low,NO,NO,ok,maintain
wpn_src_bind,Src: 繋ぎ糸,equipment,playable_gear,Src,1,YES,weapon,—,—,—,—,—,—,—,—,0,0/none,early,playable_gear,1,—,low,low,NO,NO,ok,maintain
wpn_src_tuner,Src: 調律器,equipment,playable_gear,Src,1,YES,weapon,—,—,—,—,—,—,—,—,0,0/none,early,playable_gear,1,—,low,low,NO,NO,ok,maintain
wpn_src_mist_lantern,Src: 霧灯星杖,equipment,playable_gear,Src,1,YES,weapon,—,—,—,—,—,—,—,—,0,0/none,early,playable_gear,1,—,low,low,NO,NO,ok,maintain
wpn_src_silence,Src: 静寂聖印,equipment,playable_gear,Src,1,YES,weapon,—,—,—,—,—,—,—,—,0,0/none,early,playable_gear,1,—,low,low,NO,NO,ok,maintain
wpn_src_twilight,Src: 黄昏剣,equipment,playable_gear,Src,1,YES,weapon,—,—,—,—,—,—,—,—,0,0/none,early,playable_gear,1,—,low,low,NO,NO,ok,maintain
wpn_src_black_fox,Src: 黒狐刃,equipment,playable_gear,Src,1,YES,weapon,—,—,—,—,—,—,—,—,0,0/none,early,playable_gear,1,—,low,low,NO,NO,ok,maintain
src_machina_core,マキナ残響核,src_upgrade_material,src_material,Src,2000,NO,—,—,マキナの残響区画(valhalla_fortress),—,—,—,—,YES,—,6.8,3.9/100 low,valhalla,src_material,1,—,low,low,NO,NO,ok,maintain
src_valhalla_core,ヴァルハラ炉心核,src_upgrade_material,src_material,Src,2000,NO,—,—,深層炉心(valhalla_fortress),—,—,—,—,YES,—,5.84,3.3/100 low,valhalla,src_material,1,—,low,low,NO,NO,ok,maintain
src_primordial_full,原初刻印,src_upgrade_material,src_material,Src,2500,NO,—,—,—,—,—,—,—,—,—,0,0/none,early,src_material,1,—,low,low,NO,NO,ok,maintain
src_star_mark_full,完全な星印,src_upgrade_material,src_material,Src,2500,NO,—,—,落星孔(starfall_observatory),—,—,—,—,—,—,3.92,2.2/100 low,valhalla,src_material,1,—,low,low,NO,NO,ok,maintain
src_old_king_echo,旧王の残響核,src_upgrade_material,src_material,Src,2000,NO,—,—,旧王の玉座(valhalla_fortress),—,—,—,—,YES,—,4.88,2.8/100 low,valhalla,src_material,1,—,low,low,NO,NO,ok,maintain
src_upg_core,Src強化核,src_upgrade_material,src_material,SSR,600,NO,—,—,—,—,—,—,—,—,—,0,0/none,early,src_material,1,—,low,high,NO,NO,ok,maintain
src_primordial,原初刻印の欠片,src_core,src_material,SSR,800,NO,—,—,—,—,—,—,—,—,—,0,0/none,early,src_material,1,5,low,high,YES,NO,ok,maintain
upg_rare_stone,希少強化石,upgrade_stone,enhance_material,SSR,200,NO,—,—,砦地下倉庫(red_ash_fort),—,ash_capital; deep_furnace_outpost; valhalla_fortress,—,—,—,—,6,3.4/100 low,late_pre,enhance_material,1,—,low,high,NO,NO,ok,maintain
src_star_mark,星印の欠片,src_core,src_material,SSR,800,NO,—,—,星落ちの観測台(starfall_observatory),—,—,—,—,—,—,6,3.4/100 low,late_pre,src_material,1,3,low,high,YES,NO,ok,maintain
acc_starfall_earring,星落ちの耳飾り,equipment,playable_gear,SSR,2700,YES,accessory2,—,星落ちの観測台(starfall_observatory),—,—,—,—,—,—,6,0.07/100 trace,late,playable_gear,1,7,low,high,NO,YES,ok,maintain
arm_set_starfall_head,星落ち兜,equipment,playable_gear,SSR,40,YES,head,set_starfall,星屑の実験室(starfall_observatory),—,—,—,—,—,—,6,0.07/100 trace,late,playable_gear,1,7,low,low,NO,YES,ok,maintain
arm_set_starfall_arms,星落ち篭手,equipment,playable_gear,SSR,40,YES,arms,set_starfall,砕けた望遠塔(starfall_observatory),—,—,—,—,—,—,6,0.07/100 trace,late,playable_gear,1,7,low,low,NO,YES,ok,maintain
arm_set_starfall_legs,星落ち腿当て,equipment,playable_gear,SSR,40,YES,legs,set_starfall,落星孔(starfall_observatory),—,—,—,—,—,—,10.32,0.10/100 trace,valhalla,playable_gear,1,7,low,low,NO,YES,ok,maintain
arm_set_starfall_body,星落ち鎧,equipment,playable_gear,SSR,40,YES,body,set_starfall,天文記録室(starfall_observatory),—,—,—,—,—,—,8.16,0.09/100 trace,valhalla,playable_gear,1,7,low,low,NO,YES,ok,maintain
arm_set_starfall_feet,星落ち靴,equipment,playable_gear,SSR,40,YES,feet,set_starfall,星落ちの観測台(starfall_observatory),—,—,—,—,—,—,6,0.07/100 trace,late,playable_gear,1,7,low,low,NO,YES,ok,maintain
mat_starfall_obsidian,星見の残光,boss_material,enhance_material,SSR,1,NO,—,—,—,—,—,—,—,—,—,0,0/excluded,early,legacy,1,—,low,low,NO,NO,ok,maintain
wpn_moon_spell_staff,月下術杖,equipment,playable_gear,SSR,50,YES,weapon,—,無答の書庫(moon_library),—,—,—,—,—,—,3.92,0.06/100 trace,late_pre,playable_gear,1,7,low,medium,NO,YES,ok,maintain
acc_raid_random,残響の指輪,equipment,playable_gear,SSR,3600,YES,accessory1,—,マキナの残響区画(valhalla_fortress),—,—,—,—,YES,—,6.8,0.08/100 trace,valhalla,collection; playable_gear,2,7,low,high,NO,YES,ok,maintain
src_echo_core,残響核,src_core,src_material,SSR,750,NO,—,—,—,—,—,—,—,—,—,0,0/none,early,src_material,1,9,low,high,YES,NO,ok,maintain
mat_silent_holy,沈黙の聖水,area_material,enhance_material,SSR,90,NO,—,—,沈黙の回廊(silent_monastery); 懺悔室(silent_monastery); 祈りの間(silent_monastery); 聖水工房跡(silent_monastery),—,—,—,—,—,—,26.16,3.7/100 low,late_pre,enhance_material; src_material,2,8,low,medium,YES,NO,ok,maintain
wpn_deep_cannon,深層機構砲,equipment,playable_gear,SSR,50,YES,weapon,—,深層炉入口(deep_furnace_outpost),—,—,—,—,—,—,6,0.07/100 trace,late_pre,playable_gear,1,7,low,medium,NO,YES,ok,maintain
acc_deep_gear_ring,深層炉の機構環,equipment,playable_gear,SSR,2400,YES,accessory1,—,深層炉入口(deep_furnace_outpost),—,—,—,—,—,—,6,0.07/100 trace,late_pre,playable_gear,1,7,low,high,NO,YES,ok,maintain
arm_set_deep_furnace_head,深層炉兜,equipment,playable_gear,SSR,40,YES,head,set_deep_furnace,炉心監視塔(deep_furnace_outpost),—,—,—,—,—,—,6,0.07/100 trace,late,playable_gear,1,7,low,low,NO,YES,ok,maintain
dism_deep_core,深層炉心片,dismantle_material,set_material,SSR,80,NO,—,—,—,—,—,—,—,—,—,0,0/none,early,set_material,1,—,low,medium,NO,NO,ok,maintain
arm_set_deep_furnace_arms,深層炉篭手,equipment,playable_gear,SSR,40,YES,arms,set_deep_furnace,深層炉入口(deep_furnace_outpost),—,—,—,—,—,—,6,0.07/100 trace,late_pre,playable_gear,1,7,low,low,NO,YES,ok,maintain
arm_set_deep_furnace_legs,深層炉腿当て,equipment,playable_gear,SSR,40,YES,legs,set_deep_furnace,アーク残滓研究所(deep_furnace_outpost),—,—,—,—,—,—,8.16,0.09/100 trace,late,playable_gear,1,7,low,low,NO,YES,ok,maintain
arm_set_deep_furnace_body,深層炉鎧,equipment,playable_gear,SSR,40,YES,body,set_deep_furnace,機工整備場(deep_furnace_outpost),—,—,—,—,—,—,6,0.07/100 trace,late,playable_gear,1,7,low,low,NO,YES,ok,maintain
arm_set_deep_furnace_feet,深層炉靴,equipment,playable_gear,SSR,40,YES,feet,set_deep_furnace,鉄熱の補給路(deep_furnace_outpost),—,—,—,—,—,—,10.32,0.10/100 trace,late,playable_gear,1,7,low,low,NO,YES,ok,maintain
src_lamp_core,灯火核,src_core,src_material,SSR,750,NO,—,—,祈りの間(silent_monastery),—,—,—,—,—,—,6,3.4/100 low,late_pre,src_material,1,6,low,high,YES,NO,ok,maintain
mat_ash_crest,灰冠の紋章片,area_material,enhance_material,SSR,100,NO,—,—,灰冠の王都地下(ash_capital); 旧統治軍詰所(ash_capital); 破れた玉座前(ash_capital); 王都地下牢(ash_capital); 灰の大通り(ash_capital); 赤灰の見張り台(red_ash_fort),—,—,—,—,—,—,83.28,7.9/100 mid,late_pre,enhance_material; src_material,2,10,medium,high,YES,NO,balance_risk,lower_supply
boss_ash_knight,灰冠騎士の紋章,boss_material,boss_material,SSR,350,NO,—,—,破れた玉座前(ash_capital),—,—,boss_pool,—,—,—,8.16,4.7/100 low,late_pre,src_material,1,—,low,high,NO,NO,ok,maintain
wpn_ash_knight_sword,灰冠騎士剣,equipment,playable_gear,SSR,50,YES,weapon,—,灰冠の王都地下(ash_capital); 旧統治軍詰所(ash_capital); 破れた玉座前(ash_capital); 王都地下牢(ash_capital); 灰の大通り(ash_capital),—,—,—,—,—,—,48.63999999999999,0.10/100 trace,late_pre,playable_gear,1,7,low,medium,NO,YES,ok,maintain
mat_ash_fist_bone,灰拳の骨片,material,enhance_material,SSR,1,NO,—,—,—,—,—,—,rematch,—,—,0,0/none,early,enhance_material; kai_material,2,—,low,low,YES,NO,ok,maintain
wpn_prayer_robe_weapon,祈り縫いの聖衣,equipment,playable_gear,SSR,50,YES,weapon,—,祈りの間(silent_monastery),—,—,—,—,—,—,6,0.07/100 trace,late_pre,playable_gear,1,7,low,medium,NO,YES,ok,maintain
wpn_hollow_bell_bow,空鐘の弓,equipment,playable_gear,SSR,50,YES,weapon,—,落星孔(starfall_observatory),—,—,—,—,—,—,10.32,0.10/100 trace,valhalla,playable_gear,1,7,low,medium,NO,YES,ok,maintain
mat_dragonbone,竜骨片,area_material,enhance_material,SSR,100,NO,—,—,竜骨の峡谷(dragonbone_valley); 大骨市場跡(dragonbone_valley); 竜鳴きの崖(dragonbone_valley); 骨喰い鳥の巣(dragonbone_valley); 古竜の裂け目(dragonbone_valley),—,—,—,—,—,—,72.96000000000001,8.3/100 mid,late_pre,enhance_material,1,—,high,high,NO,NO,balance_risk,lower_supply
wpn_dragon_pierce,竜骨穿槍,equipment,playable_gear,SSR,50,YES,weapon,—,竜骨の峡谷(dragonbone_valley); 大骨市場跡(dragonbone_valley); 竜鳴きの崖(dragonbone_valley); 骨喰い鳥の巣(dragonbone_valley); 古竜の裂け目(dragonbone_valley),—,—,—,—,—,—,48.63999999999999,0.10/100 trace,late_pre,playable_gear,1,7,low,medium,NO,YES,ok,maintain
boss_dragon_fang,竜鳴きの牙,boss_material,boss_material,SSR,300,NO,—,—,竜鳴きの崖(dragonbone_valley),—,—,boss_pool,—,—,—,6,3.4/100 low,mid,src_material,1,—,low,high,NO,NO,ok,maintain
arm_set_iron_snow_head,鉄雪兜,equipment,playable_gear,SSR,40,YES,head,set_iron_snow,ヴァルハラ外郭(valhalla_fortress),—,—,—,—,YES,—,6,0.07/100 trace,valhalla,playable_gear,1,7,low,low,NO,YES,ok,maintain
wpn_iron_snow_greatshield,鉄雪大盾,equipment,playable_gear,SSR,50,YES,weapon,—,機械兵格納庫(valhalla_fortress),—,—,—,—,YES,—,6,0.07/100 trace,valhalla,playable_gear,1,7,low,medium,NO,YES,ok,maintain
arm_set_iron_snow_arms,鉄雪篭手,equipment,playable_gear,SSR,40,YES,arms,set_iron_snow,統治軍制御室(valhalla_fortress),—,—,—,—,YES,—,8.16,0.09/100 trace,valhalla,playable_gear,1,7,low,low,NO,YES,ok,maintain
arm_set_iron_snow_legs,鉄雪腿当て,equipment,playable_gear,SSR,40,YES,legs,set_iron_snow,落星孔(starfall_observatory),—,—,—,—,—,—,10.32,0.10/100 trace,valhalla,playable_gear,1,7,low,low,NO,YES,ok,maintain
arm_set_iron_snow_body,鉄雪鎧,equipment,playable_gear,SSR,40,YES,body,set_iron_snow,機械兵格納庫(valhalla_fortress),—,—,—,—,YES,—,6,0.07/100 trace,valhalla,playable_gear,1,7,low,low,NO,YES,ok,maintain
arm_set_iron_snow_feet,鉄雪靴,equipment,playable_gear,SSR,40,YES,feet,set_iron_snow,空塞昇降路(valhalla_fortress),—,—,—,—,YES,—,6,0.07/100 trace,valhalla,playable_gear,1,7,low,low,NO,YES,ok,maintain
src_silence_tune,静寂の調律片,src_core,src_material,SSR,800,NO,—,—,沈黙の回廊(silent_monastery); 懺悔室(silent_monastery); 祈りの間(silent_monastery); 聖水工房跡(silent_monastery); 無言の巡礼路(silent_monastery),—,—,—,—,—,—,36.480000000000004,4.2/100 low,late_pre,src_material,1,6,low,high,YES,NO,ok,maintain
mat_black_lantern_cinder,黒灯の残滓,boss_material,enhance_material,SSR,1,NO,—,—,—,—,—,—,—,—,—,0,0/excluded,early,legacy,1,—,low,low,NO,NO,ok,maintain
arm_set_black_lamp_head,黒灯兜,equipment,playable_gear,SSR,40,YES,head,set_black_lamp,黒灯りの路地(black_lantern_lane),—,—,—,—,—,—,6,0.07/100 trace,late,playable_gear,1,7,low,low,NO,YES,ok,maintain
arm_set_black_lamp_arms,黒灯篭手,equipment,playable_gear,SSR,40,YES,arms,set_black_lamp,—,—,—,—,—,—,—,0,0/none,mid,playable_gear,1,7,low,low,NO,NO,ok,maintain
arm_set_black_lamp_legs,黒灯腿当て,equipment,playable_gear,SSR,40,YES,legs,set_black_lamp,—,—,—,—,—,—,—,0,0/none,mid,playable_gear,1,7,low,low,NO,NO,ok,maintain
arm_set_black_lamp_body,黒灯鎧,equipment,playable_gear,SSR,40,YES,body,set_black_lamp,煤煙の抜け道(black_lantern_lane),—,—,—,—,—,—,6,0.07/100 trace,late,playable_gear,1,7,low,low,NO,YES,ok,maintain
arm_set_black_lamp_feet,黒灯靴,equipment,playable_gear,SSR,40,YES,feet,set_black_lamp,呪具置き場(forgotten_market),—,—,—,—,—,—,8.64,0.09/100 trace,mid,playable_gear,1,7,low,low,NO,YES,ok,maintain
mat_black_fox_clawmark,黒狐の爪痕,material,enhance_material,SSR,1,NO,—,—,—,—,—,—,rematch,—,—,0,0/none,early,enhance_material; kai_material,2,—,low,low,YES,NO,ok,maintain
wpn_black_iron_blade,黒鉄の処刑刃,equipment,playable_gear,SSR,50,YES,weapon,—,—,—,—,—,—,—,—,0,0/none,mid,playable_gear,1,7,low,medium,NO,NO,ok,maintain
boss_black_iron,黒鉄処刑人の鎖,boss_material,boss_material,SSR,350,NO,—,—,契約失敗体の檻(forgotten_market),—,—,boss_pool,—,—,—,8.16,4.7/100 low,mid,src_material,1,—,low,high,NO,NO,ok,maintain
src_upg_shard,Src強化片,src_upgrade_material,src_material,SR,300,NO,—,—,—,—,—,—,—,—,—,0,0/none,early,src_material,1,—,low,medium,NO,NO,ok,maintain
upg_fine_stone,上質な強化石,upgrade_stone,enhance_material,SR,100,NO,—,—,時紋の市場跡(hourglass_city); 硝子花の群生地(glass_marsh),—,ash_capital; forgotten_market; hourglass_city; moon_library,—,—,—,—,16.32,4.7/100 low,mid,enhance_material,1,—,low,medium,NO,NO,ok,maintain
boss_tree_heart,古樹の心材,boss_material,boss_material,SR,200,NO,—,—,—,—,—,boss_pool,—,—,—,0,0/none,mid,src_material,1,—,low,medium,NO,NO,ok,maintain
mat_old_furnace_hammer_core,古炉の鎚芯,material,enhance_material,SR,1,NO,—,—,—,—,—,—,rematch,—,—,0,0/none,early,enhance_material; kai_material,2,—,low,low,YES,NO,ok,maintain
cons_heal_large,大回復薬,consumable,consumable,SR,30,NO,—,—,—,—,ash_capital; deep_furnace_outpost; forgotten_market; hourglass_city; moon_library; valhalla_fortress,—,—,—,—,0,0/none,early,consumable,1,—,low,low,NO,NO,ok,maintain
mat_pilgrim_prayer_cloth,巡礼祈祷布,material,enhance_material,SR,1,NO,—,—,—,—,—,—,rematch,—,—,0,0/none,early,enhance_material; kai_material,2,—,low,low,YES,NO,ok,maintain
cons_pilgrim_charm,巡礼者の護符,consumable,consumable,SR,75,NO,—,—,聖水工房跡(silent_monastery),—,—,—,—,—,—,5.4399999999999995,3.1/100 low,late_pre,consumable,1,—,low,medium,NO,NO,ok,maintain
mat_shadowstep_black_thread,影渡りの黒糸,material,enhance_material,SR,1,NO,—,—,—,—,—,—,rematch,—,—,0,0/none,early,enhance_material; kai_material,2,—,low,low,YES,NO,ok,maintain
mat_forgotten_sand,忘却の黒砂,area_material,enhance_material,SR,55,NO,—,—,忘却の地下路(forgotten_market); 黒市の裏通り(forgotten_market); 呪具置き場(forgotten_market); 契約失敗体の檻(forgotten_market); 仮面商人の隠し倉庫(forgotten_market); 黒灯りの路地(black_lantern_lane); 煤煙の抜け道(black_lantern_lane),黒灯の残影,—,—,—,—,—,83.52000000000001,6.8/100 mid,mid,enhance_material; src_material,2,10,medium,medium,YES,NO,ok,maintain
mat_starfield_old_steel,星原の古鋼,material,enhance_material,SR,1,NO,—,—,—,—,—,—,rematch,—,—,0,0/none,early,enhance_material; kai_material,2,—,low,low,YES,NO,ok,maintain
wpn_starfall_spear,星落ちの槍,equipment,playable_gear,SR,50,YES,weapon,—,逆さ時計塔(hourglass_city),—,—,—,—,—,—,9.92,0.34/100 trace,late_pre,playable_gear,1,7,low,medium,NO,YES,ok,maintain
acc_moon_pendant,月下のペンダント,equipment,playable_gear,SR,540,YES,accessory1,—,—,—,forgotten_market,—,—,—,—,0,0/none,early,playable_gear,1,7,low,medium,NO,NO,ok,maintain
mat_moon_ink,月下インク,area_material,enhance_material,SR,50,NO,—,—,月下図書館・禁書区画(moon_library); 紙魚の回廊(moon_library); 記録端末室(moon_library); 影写しの閲覧室(moon_library),—,—,—,—,—,—,53.760000000000005,7.7/100 mid,mid,enhance_material; src_material,2,8,medium,medium,YES,NO,ok,maintain
arm_set_moon_head,月下兜,equipment,playable_gear,SR,40,YES,head,set_moon,記録端末室(moon_library),—,—,—,—,—,—,4.32,0.30/100 trace,mid,playable_gear,1,7,low,low,NO,YES,ok,maintain
arm_set_moon_arms,月下篭手,equipment,playable_gear,SR,40,YES,arms,set_moon,月下図書館・禁書区画(moon_library),—,—,—,—,—,—,4.32,0.30/100 trace,mid,playable_gear,1,7,low,low,NO,YES,ok,maintain
dism_moon_fiber,月下繊維,dismantle_material,set_material,SR,40,NO,—,—,—,—,—,—,—,—,—,0,0/none,early,set_material,1,—,low,low,NO,NO,ok,maintain
arm_set_moon_legs,月下腿当て,equipment,playable_gear,SR,40,YES,legs,set_moon,紙魚の回廊(moon_library),—,—,—,—,—,—,4.32,0.30/100 trace,mid,playable_gear,1,7,low,low,NO,YES,ok,maintain
arm_set_moon_body,月下鎧,equipment,playable_gear,SR,40,YES,body,set_moon,影写しの閲覧室(moon_library),—,—,—,—,—,—,3.7199999999999998,0.30/100 trace,mid,playable_gear,1,7,low,low,NO,YES,ok,maintain
arm_set_moon_feet,月下靴,equipment,playable_gear,SR,40,YES,feet,set_moon,無答の書庫(moon_library),—,—,—,—,—,—,5.92,0.32/100 trace,late_pre,playable_gear,1,7,low,low,NO,YES,ok,maintain
mat_moon_arrowhead,月弓の鏃,material,enhance_material,SR,1,NO,—,—,—,—,—,—,rematch,—,—,0,0/none,early,enhance_material; kai_material,2,—,low,low,YES,NO,ok,maintain
wpn_moon_staff_sr,月読の杖,equipment,playable_gear,SR,50,YES,weapon,—,記録端末室(moon_library),—,—,—,—,—,—,4.32,0.30/100 trace,mid,playable_gear,1,7,low,medium,NO,YES,ok,maintain
mat_echo_bowstring,残響の弦糸,material,enhance_material,SR,1,NO,—,—,—,—,—,—,rematch,—,—,0,0/none,early,enhance_material; kai_material,2,—,low,low,YES,NO,ok,maintain
wpn_silence_seal_sr,沈黙の聖印,equipment,playable_gear,SR,50,YES,weapon,—,懺悔室(silent_monastery); 祈りの間(silent_monastery); 聖水工房跡(silent_monastery); 無言の巡礼路(silent_monastery),—,—,—,—,—,—,30.48,0.33/100 trace,late_pre,playable_gear,1,7,low,medium,NO,YES,ok,maintain
arm_set_silence_head,沈黙兜,equipment,playable_gear,SR,40,YES,head,set_silence,祈りの間(silent_monastery),—,—,—,—,—,—,6,0.32/100 trace,late_pre,playable_gear,1,7,low,low,NO,YES,ok,maintain
arm_set_silence_arms,沈黙篭手,equipment,playable_gear,SR,40,YES,arms,set_silence,祈りの間(silent_monastery),—,—,—,—,—,—,6,0.32/100 trace,late_pre,playable_gear,1,7,low,low,NO,YES,ok,maintain
arm_set_silence_legs,沈黙腿当て,equipment,playable_gear,SR,40,YES,legs,set_silence,無言の巡礼路(silent_monastery),—,—,—,—,—,—,10.32,0.35/100 trace,late,playable_gear,1,7,low,low,NO,YES,ok,maintain
arm_set_silence_body,沈黙鎧,equipment,playable_gear,SR,40,YES,body,set_silence,懺悔室(silent_monastery),—,—,—,—,—,—,6,0.32/100 trace,late_pre,playable_gear,1,7,low,low,NO,YES,ok,maintain
arm_set_silence_feet,沈黙靴,equipment,playable_gear,SR,40,YES,feet,set_silence,聖水工房跡(silent_monastery),—,—,—,—,—,—,8.16,0.33/100 trace,late_pre,playable_gear,1,7,low,low,NO,YES,ok,maintain
mat_deep_furnace_gear,深層炉の歯車,material,enhance_material,SR,1,NO,—,—,—,—,—,—,rematch,—,—,0,0/none,early,enhance_material; kai_material,2,—,low,low,YES,NO,ok,maintain
mat_lampkeeper_holy_oil,灯守の聖油,material,enhance_material,SR,1,NO,—,—,—,—,—,—,rematch,—,—,0,0/none,early,enhance_material; kai_material,2,—,low,low,YES,NO,ok,maintain
arm_set_ash_crown_head,灰冠兜,equipment,playable_gear,SR,40,YES,head,set_ash_crown,旧統治軍詰所(ash_capital),—,—,—,—,—,—,8.64,0.33/100 trace,late_pre,playable_gear,1,7,low,low,NO,YES,ok,maintain
arm_set_ash_crown_arms,灰冠篭手,equipment,playable_gear,SR,40,YES,arms,set_ash_crown,灰冠の王都地下(ash_capital),—,—,—,—,—,—,8.64,0.33/100 trace,late_pre,playable_gear,1,7,low,low,NO,YES,ok,maintain
arm_set_ash_crown_legs,灰冠腿当て,equipment,playable_gear,SR,40,YES,legs,set_ash_crown,灰の大通り(ash_capital),—,—,—,—,—,—,10.32,0.35/100 trace,late_pre,playable_gear,1,7,low,low,NO,YES,ok,maintain
dism_ash_steel,灰冠鋼片,dismantle_material,set_material,SR,45,NO,—,—,—,—,—,—,—,—,—,0,0/none,early,set_material,1,—,low,low,NO,NO,ok,maintain
arm_set_ash_crown_body,灰冠鎧,equipment,playable_gear,SR,40,YES,body,set_ash_crown,王都地下牢(ash_capital),—,—,—,—,—,—,8.64,0.33/100 trace,late_pre,playable_gear,1,7,low,low,NO,YES,ok,maintain
arm_set_ash_crown_feet,灰冠靴,equipment,playable_gear,SR,40,YES,feet,set_ash_crown,破れた玉座前(ash_capital),—,—,—,—,—,—,8.16,0.33/100 trace,late_pre,playable_gear,1,7,low,low,NO,YES,ok,maintain
mat_ash_star_magic_core,灰星の魔核,material,enhance_material,SR,1,NO,—,—,—,—,—,—,rematch,—,—,0,0/none,early,enhance_material; kai_material,2,—,low,low,YES,NO,ok,maintain
mat_ash_mirror_fragment,灰鏡の欠片,material,enhance_material,SR,1,NO,—,—,—,—,—,—,rematch,—,—,0,0/none,early,enhance_material; kai_material,2,—,low,low,YES,NO,ok,maintain
wpn_ash_knight_shield,灰騎士の大盾,equipment,playable_gear,SR,50,YES,weapon,—,灰冠の王都地下(ash_capital),—,—,—,—,—,—,8.64,0.33/100 trace,late_pre,playable_gear,1,7,low,medium,NO,YES,ok,maintain
mat_silver_castle_core,白銀の城核,material,enhance_material,SR,1,NO,—,—,—,—,—,—,rematch,—,—,0,0/none,early,enhance_material; kai_material,2,—,low,low,YES,NO,ok,maintain
rep_silver_clip,白銀の留め具,repair_material,repair_material,SR,60,NO,—,—,—,—,hourglass_city; moon_library; silver_mine,—,—,—,—,0,0/none,early,repair_material,1,—,low,medium,NO,NO,ok,maintain
mat_hourglass_shard,砂時計の欠片,area_material,enhance_material,SR,60,NO,—,—,砂時計の廃路(hourglass_city); 時紋の市場跡(hourglass_city); 喪失者の広場(hourglass_city); 逆さ時計塔(hourglass_city); 記憶の保管庫(hourglass_city),—,—,—,—,—,—,71.52000000000001,8.2/100 mid,mid,enhance_material; src_material,2,5,medium,medium,YES,NO,ok,maintain
arm_set_glass_head,硝子沼兜,equipment,playable_gear,SR,40,YES,head,set_glass,硝子沼(glass_marsh),—,—,—,—,—,—,8.64,0.33/100 trace,late_pre,playable_gear,1,7,low,low,NO,YES,ok,maintain
arm_set_glass_arms,硝子沼篭手,equipment,playable_gear,SR,40,YES,arms,set_glass,沼底の参道(glass_marsh),—,—,—,—,—,—,6,0.32/100 trace,late_pre,playable_gear,1,7,low,low,NO,YES,ok,maintain
arm_set_glass_legs,硝子沼腿当て,equipment,playable_gear,SR,40,YES,legs,set_glass,反射する森(glass_marsh),—,—,—,—,—,—,8.16,0.33/100 trace,late_pre,playable_gear,1,7,low,low,NO,YES,ok,maintain
arm_set_glass_body,硝子沼鎧,equipment,playable_gear,SR,40,YES,body,set_glass,割れた水面(glass_marsh),—,—,—,—,—,—,8.64,0.33/100 trace,late_pre,playable_gear,1,7,low,low,NO,YES,ok,maintain
arm_set_glass_feet,硝子沼靴,equipment,playable_gear,SR,40,YES,feet,set_glass,硝子花の群生地(glass_marsh),—,—,—,—,—,—,10.32,0.35/100 trace,late_pre,playable_gear,1,7,low,low,NO,YES,ok,maintain
wpn_dragon_fist_sr,竜骨の拳甲,equipment,playable_gear,SR,50,YES,weapon,—,竜鳴きの崖(dragonbone_valley),—,—,—,—,—,—,6,0.32/100 trace,late_pre,playable_gear,1,7,low,medium,NO,YES,ok,maintain
arm_set_dragonbone_head,竜骨兜,equipment,playable_gear,SR,40,YES,head,set_dragonbone,大骨市場跡(dragonbone_valley),—,—,—,—,—,—,6,0.32/100 trace,late_pre,playable_gear,1,7,low,low,NO,YES,ok,maintain
arm_set_dragonbone_arms,竜骨篭手,equipment,playable_gear,SR,40,YES,arms,set_dragonbone,竜骨の峡谷(dragonbone_valley),—,—,—,—,—,—,8.64,0.33/100 trace,late_pre,playable_gear,1,7,low,low,NO,YES,ok,maintain
arm_set_dragonbone_legs,竜骨腿当て,equipment,playable_gear,SR,40,YES,legs,set_dragonbone,竜鳴きの崖(dragonbone_valley),—,—,—,—,—,—,6,0.32/100 trace,late_pre,playable_gear,1,7,low,low,NO,YES,ok,maintain
arm_set_dragonbone_body,竜骨鎧,equipment,playable_gear,SR,40,YES,body,set_dragonbone,骨喰い鳥の巣(dragonbone_valley),—,—,—,—,—,—,8.16,0.33/100 trace,late_pre,playable_gear,1,7,low,low,NO,YES,ok,maintain
arm_set_dragonbone_feet,竜骨靴,equipment,playable_gear,SR,40,YES,feet,set_dragonbone,古竜の裂け目(dragonbone_valley),—,—,—,—,—,—,10.32,0.35/100 trace,late_pre,playable_gear,1,7,low,low,NO,YES,ok,maintain
src_bind_thread,繋ぎ糸の断片,src_core,src_material,SR,600,NO,—,—,—,—,—,—,—,—,—,0,0/none,early,src_material,1,10,low,medium,YES,NO,ok,maintain
wpn_red_ash_axe_sr,赤灰の戦斧,equipment,playable_gear,SR,50,YES,weapon,—,赤灰の外壁(red_ash_fort); 焼けた兵舎(red_ash_fort); 砦地下倉庫(red_ash_fort); 炎の訓練場(red_ash_fort),—,—,—,—,—,—,26.16,0.32/100 trace,late_pre,playable_gear,1,7,low,medium,NO,YES,ok,maintain
arm_set_red_ash_head,赤灰兜,equipment,playable_gear,SR,40,YES,head,set_red_ash,赤灰の外壁(red_ash_fort),—,—,—,—,—,—,6,0.32/100 trace,late_pre,playable_gear,1,7,low,low,NO,YES,ok,maintain
arm_set_red_ash_arms,赤灰篭手,equipment,playable_gear,SR,40,YES,arms,set_red_ash,砦地下倉庫(red_ash_fort),—,—,—,—,—,—,6,0.32/100 trace,late_pre,playable_gear,1,7,low,low,NO,YES,ok,maintain
arm_set_red_ash_legs,赤灰腿当て,equipment,playable_gear,SR,40,YES,legs,set_red_ash,炎の訓練場(red_ash_fort),—,—,—,—,—,—,8.16,0.33/100 trace,late_pre,playable_gear,1,7,low,low,NO,YES,ok,maintain
arm_set_red_ash_body,赤灰鎧,equipment,playable_gear,SR,40,YES,body,set_red_ash,焼けた兵舎(red_ash_fort),—,—,—,—,—,—,6,0.32/100 trace,late_pre,playable_gear,1,7,low,low,NO,YES,ok,maintain
arm_set_red_ash_feet,赤灰靴,equipment,playable_gear,SR,40,YES,feet,set_red_ash,赤灰の見張り台(red_ash_fort),—,—,—,—,—,—,10.32,0.35/100 trace,late_pre,playable_gear,1,7,low,low,NO,YES,ok,maintain
wpn_mist_bow_sr,霧払いの弓,equipment,playable_gear,SR,50,YES,weapon,—,反射する森(glass_marsh),—,—,—,—,—,—,8.16,0.33/100 trace,late_pre,playable_gear,1,7,low,medium,NO,YES,ok,maintain
mat_mist_lantern_stardust,霧灯の星砂,material,enhance_material,SR,1,NO,—,—,—,—,—,—,rematch,—,—,0,0/none,early,enhance_material; kai_material,2,—,low,low,YES,NO,ok,maintain
wpn_unique_silence,静寂の聖印,equipment,playable_gear,SR,50,YES,weapon,—,—,—,—,—,—,—,—,0,0/excluded,early,legacy; playable_gear,2,7,low,medium,NO,NO,ok,maintain
mat_twilight_blade_shard,黄昏の剣片,material,enhance_material,SR,1,NO,—,—,—,—,—,—,rematch,—,—,0,0/none,early,enhance_material; kai_material,2,—,low,low,YES,NO,ok,maintain
wpn_black_exec_blade,黒灯の処刑刃,equipment,playable_gear,SR,50,YES,weapon,—,契約失敗体の檻(forgotten_market),—,—,—,—,—,—,9.92,0.34/100 trace,mid,playable_gear,1,7,low,medium,NO,YES,ok,maintain
acc_black_lamp_ring,黒灯の指輪,equipment,playable_gear,SR,600,YES,accessory2,—,煤煙の抜け道(black_lantern_lane),—,—,—,—,—,—,6,0.32/100 trace,late,playable_gear,1,7,low,medium,NO,YES,ok,maintain
mat_black_iron_powder_case,黒鉄の火薬筒,material,enhance_material,SR,1,NO,—,—,—,—,—,—,rematch,—,—,0,0/none,early,enhance_material; kai_material,2,—,low,low,YES,NO,ok,maintain
cons_status_cure,万能解毒薬,consumable,consumable,R,12,NO,—,—,—,—,ash_capital; deep_furnace_outpost; forgotten_market; hourglass_city; mist_forest; moon_library; valhalla_fortress,—,—,—,—,0,0/none,early,consumable,1,—,low,low,NO,NO,ok,maintain
cons_heal_medium,中回復薬,consumable,consumable,R,15,NO,—,—,—,—,mist_forest; moon_library; rain_ruins; silver_mine; twilight_port,—,—,—,—,0,0/none,early,consumable,1,—,low,low,NO,NO,ok,maintain
wpn_old_road_dagger,古道の短剣,equipment,playable_gear,R,50,YES,weapon,—,盗賊の抜け道(old_road_village),—,—,—,—,—,—,9.28,0.83/100 trace,early,playable_gear,1,—,low,low,NO,YES,ok,maintain
arm_set_old_road_head,古道兜,equipment,playable_gear,R,40,YES,head,set_old_road,朽ちた旅籠(old_road_village),—,old_road_village,—,—,—,—,9.28,0.83/100 trace,early,playable_gear,1,—,low,low,NO,YES,ok,maintain
arm_set_old_road_arms,古道篭手,equipment,playable_gear,R,40,YES,arms,set_old_road,盗賊の抜け道(old_road_village),—,old_road_village,—,—,—,—,9.28,0.83/100 trace,early,playable_gear,1,—,low,low,NO,YES,ok,maintain
arm_set_old_road_legs,古道腿当て,equipment,playable_gear,R,40,YES,legs,set_old_road,旅人の墓標(old_road_village),—,old_road_village,—,—,—,—,9.92,0.84/100 trace,early,playable_gear,1,—,low,low,NO,YES,ok,maintain
arm_set_old_road_body,古道鎧,equipment,playable_gear,R,40,YES,body,set_old_road,石積みの橋(old_road_village),—,—,—,—,—,—,8.96,0.83/100 trace,early,playable_gear,1,—,low,low,NO,YES,ok,maintain
arm_set_old_road_feet,古道靴,equipment,playable_gear,R,40,YES,feet,set_old_road,朽ちた旅籠(old_road_village),—,old_road_village,—,—,—,—,9.28,0.83/100 trace,early,playable_gear,1,—,low,low,NO,YES,ok,maintain
upg_stone,強化石,upgrade_stone,enhance_material,R,25,NO,—,—,旧採掘路(silver_mine); 結晶の縦穴(silver_mine); 崩落した作業場(silver_mine),—,mist_forest; silver_mine; twilight_port,—,—,—,—,40.8,7.8/100 mid,early,enhance_material,1,—,high,low,NO,NO,over_supplied,lower_supply
cons_rescue_signal,救難信号片,consumable,consumable,R,22,NO,—,—,海霧の倉庫街(twilight_port),—,—,—,—,—,—,6,3.4/100 low,early,consumable,1,—,low,low,NO,NO,ok,maintain
wpn_starfield_sword,星原の剣,equipment,playable_gear,R,50,YES,weapon,—,星屑の草道(start_starfield),—,black_lantern_lane; buried_aqueduct; dragonbone_valley; glass_marsh; hollow_bell_town; iron_snow_post; prayer_hill; red_ash_fort; silent_monastery; starfall_observatory; start_starfield,—,—,—,—,9.28,0.83/100 trace,early,playable_gear,1,—,low,low,NO,YES,ok,maintain
arm_set_starfield_head,星原兜,equipment,playable_gear,R,40,YES,head,set_starfield,星屑の草道(start_starfield),—,black_lantern_lane; buried_aqueduct; dragonbone_valley; glass_marsh; hollow_bell_town; iron_snow_post; prayer_hill; red_ash_fort; silent_monastery; starfall_observatory; start_starfield,—,—,—,—,9.28,0.83/100 trace,early,playable_gear,1,—,low,low,NO,YES,ok,maintain
dism_starfield_cloth,星原布片,dismantle_material,set_material,R,20,NO,—,—,—,—,—,—,—,—,—,0,0/none,early,set_material,1,—,low,low,NO,NO,ok,maintain
arm_set_starfield_arms,星原篭手,equipment,playable_gear,R,40,YES,arms,set_starfield,夜歩きの丘(start_starfield),—,black_lantern_lane; buried_aqueduct; dragonbone_valley; glass_marsh; hollow_bell_town; iron_snow_post; prayer_hill; red_ash_fort; silent_monastery; starfall_observatory; start_starfield,—,—,—,—,8.96,0.83/100 trace,early,playable_gear,1,—,low,low,NO,YES,ok,maintain
arm_set_starfield_legs,星原腿当て,equipment,playable_gear,R,40,YES,legs,set_starfield,壊れた祠(start_starfield),—,black_lantern_lane; buried_aqueduct; dragonbone_valley; glass_marsh; hollow_bell_town; iron_snow_post; prayer_hill; red_ash_fort; silent_monastery; starfall_observatory; start_starfield,—,—,—,—,9.92,0.84/100 trace,early,playable_gear,1,—,low,low,NO,YES,ok,maintain
arm_set_starfield_body,星原鎧,equipment,playable_gear,R,40,YES,body,set_starfield,—,—,black_lantern_lane; buried_aqueduct; dragonbone_valley; glass_marsh; hollow_bell_town; iron_snow_post; prayer_hill; red_ash_fort; silent_monastery; starfall_observatory; start_starfield,—,—,—,—,0,0/none,early,playable_gear,1,—,low,low,NO,NO,ok,maintain
arm_set_starfield_feet,星原靴,equipment,playable_gear,R,40,YES,feet,set_starfield,古い訓練場(start_starfield),—,black_lantern_lane; buried_aqueduct; dragonbone_valley; glass_marsh; hollow_bell_town; iron_snow_post; prayer_hill; red_ash_fort; silent_monastery; starfall_observatory; start_starfield,—,—,—,—,9.28,0.83/100 trace,early,playable_gear,1,—,low,low,NO,YES,ok,maintain
wpn_moon_rod,月読の短杖,equipment,playable_gear,R,50,YES,weapon,—,月下図書館・禁書区画(moon_library); 紙魚の回廊(moon_library),—,—,—,—,—,—,12.96,0.81/100 trace,mid,playable_gear,1,—,low,low,NO,YES,ok,maintain
wpn_silence_seal,沈黙の聖印,equipment,playable_gear,R,50,YES,weapon,—,懺悔室(silent_monastery),—,—,—,—,—,—,6,0.81/100 trace,late_pre,playable_gear,1,—,low,low,NO,YES,ok,maintain
cons_lamp_bottle,灯火の小瓶,consumable,consumable,R,12,NO,—,—,灯台下の岩場(twilight_port); 沈没船の甲板(twilight_port); 潮騒の洞窟(twilight_port); 海霧の倉庫街(twilight_port),—,deep_furnace_outpost; twilight_port; valhalla_fortress,—,—,—,—,15.24,2.2/100 low,early,consumable,1,—,low,low,NO,NO,ok,maintain
wpn_ash_spear,灰冠の槍,equipment,playable_gear,R,50,YES,weapon,—,喪失者の広場(hourglass_city),—,—,—,—,—,—,8.64,0.83/100 trace,mid,playable_gear,1,—,low,low,NO,YES,ok,maintain
cons_smoke_bomb,煙玉,consumable,consumable,R,12,NO,—,—,—,—,black_lantern_lane; buried_aqueduct; dragonbone_valley; glass_marsh; hollow_bell_town; iron_snow_post; prayer_hill; red_ash_fort; silent_monastery; starfall_observatory; start_starfield; twilight_port,—,—,—,—,0,0/none,early,consumable,1,—,low,low,NO,NO,ok,maintain
wpn_silver_hammer,白銀の槌,equipment,playable_gear,R,50,YES,weapon,—,白銀坑道(silver_mine),—,silver_mine,—,—,—,—,9.28,0.83/100 trace,early,playable_gear,1,—,low,low,NO,YES,ok,maintain
acc_silver_bracelet,白銀の腕輪,equipment,playable_gear,R,120,YES,accessory1,—,—,—,forgotten_market,—,—,—,—,0,0/none,early,playable_gear,1,—,low,low,NO,NO,ok,maintain
arm_set_silver_head,白銀兜,equipment,playable_gear,R,40,YES,head,set_silver,結晶の縦穴(silver_mine),—,silver_mine,—,—,—,—,9.28,0.83/100 trace,early,playable_gear,1,—,low,low,NO,YES,ok,maintain
arm_set_silver_arms,白銀篭手,equipment,playable_gear,R,40,YES,arms,set_silver,白銀坑道(silver_mine),—,silver_mine,—,—,—,—,9.28,0.83/100 trace,early,playable_gear,1,—,low,low,NO,YES,ok,maintain
arm_set_silver_legs,白銀腿当て,equipment,playable_gear,R,40,YES,legs,set_silver,旧採掘路(silver_mine),—,silver_mine,—,—,—,—,9.28,0.83/100 trace,early,playable_gear,1,—,low,low,NO,YES,ok,maintain
dism_silver_plate,白銀装甲片,dismantle_material,set_material,R,25,NO,—,—,—,—,—,—,—,—,—,0,0/none,early,set_material,1,—,low,low,NO,NO,ok,maintain
mat_silver_ore,白銀鉱石,area_material,enhance_material,R,30,NO,—,—,白銀坑道(silver_mine); 旧採掘路(silver_mine); 結晶の縦穴(silver_mine); 崩落した作業場(silver_mine); 黒鉄鉱脈(silver_mine),—,silver_mine,—,—,—,—,71.52000000000001,8.2/100 mid,early,enhance_material; src_material,2,15,medium,low,YES,NO,ok,maintain
arm_set_silver_body,白銀鎧,equipment,playable_gear,R,40,YES,body,set_silver,崩落した作業場(silver_mine),—,—,—,—,—,—,8.96,0.83/100 trace,early,playable_gear,1,—,low,low,NO,YES,ok,maintain
arm_set_silver_feet,白銀靴,equipment,playable_gear,R,40,YES,feet,set_silver,黒鉄鉱脈(silver_mine),—,silver_mine,—,—,—,—,11.84,0.85/100 trace,mid,playable_gear,1,—,low,low,NO,YES,ok,maintain
rep_polish,研磨剤,repair_material,repair_material,R,30,NO,—,—,—,—,—,—,—,—,—,0,0/none,early,repair_material,1,—,low,low,NO,NO,ok,maintain
cons_grind_powder,研磨粉,consumable,consumable,R,40,NO,—,—,—,—,—,—,—,—,—,0,0/none,early,consumable,1,—,low,low,NO,NO,ok,maintain
wpn_glass_blade,硝子沼の刃,equipment,playable_gear,R,50,YES,weapon,—,黒市の裏通り(forgotten_market); 硝子沼(glass_marsh); 割れた水面(glass_marsh),—,—,—,—,—,—,25.92,0.83/100 trace,mid,playable_gear,1,—,low,low,NO,YES,ok,maintain
wpn_dragon_fist,竜骨の拳甲,equipment,playable_gear,R,50,YES,weapon,—,眠れる獣の巣(mist_forest),—,—,—,—,—,—,11.84,0.85/100 trace,mid,playable_gear,1,—,low,low,NO,YES,ok,maintain
wpn_twilight_bow,薄明の弓,equipment,playable_gear,R,50,YES,weapon,—,薄明の海岸(twilight_port),—,twilight_port,—,—,—,—,9.28,0.83/100 trace,early,playable_gear,1,—,low,low,NO,YES,ok,maintain
mat_twilight_shell,薄明の貝殻,area_material,enhance_material,R,25,NO,—,—,薄明の海岸(twilight_port); 灯台下の岩場(twilight_port); 沈没船の甲板(twilight_port); 潮騒の洞窟(twilight_port),—,—,—,—,—,—,56.64,8.1/100 mid,early,enhance_material,1,—,high,low,NO,NO,over_supplied,lower_supply
arm_set_twilight_head,薄明兜,equipment,playable_gear,R,40,YES,head,set_twilight,潮騒の洞窟(twilight_port),—,twilight_port,—,—,—,—,8.96,0.83/100 trace,early,playable_gear,1,—,low,low,NO,YES,ok,maintain
arm_set_twilight_arms,薄明篭手,equipment,playable_gear,R,40,YES,arms,set_twilight,灯台下の岩場(twilight_port),—,—,—,—,—,—,9.28,0.83/100 trace,early,playable_gear,1,—,low,low,NO,YES,ok,maintain
arm_set_twilight_legs,薄明腿当て,equipment,playable_gear,R,40,YES,legs,set_twilight,沈没船の甲板(twilight_port),—,—,—,—,—,—,9.28,0.83/100 trace,early,playable_gear,1,—,low,low,NO,YES,ok,maintain
arm_set_twilight_body,薄明鎧,equipment,playable_gear,R,40,YES,body,set_twilight,海霧の倉庫街(twilight_port),—,—,—,—,—,—,9.92,0.84/100 trace,early,playable_gear,1,—,low,low,NO,YES,ok,maintain
arm_set_twilight_feet,薄明靴,equipment,playable_gear,R,40,YES,feet,set_twilight,薄明の海岸(twilight_port),—,—,—,—,—,—,9.28,0.83/100 trace,early,playable_gear,1,—,low,low,NO,YES,ok,maintain
wpn_red_ash_axe,赤灰の斧,equipment,playable_gear,R,50,YES,weapon,—,呪具置き場(forgotten_market); 焼けた兵舎(red_ash_fort),—,—,—,—,—,—,14.64,0.82/100 trace,mid,playable_gear,1,—,low,low,NO,YES,ok,maintain
wpn_iron_snow_shield,鉄雪の盾,equipment,playable_gear,R,50,YES,weapon,—,星落ちの観測台(starfall_observatory); ヴァルハラ外郭(valhalla_fortress),—,—,—,—,YES,—,12,0.81/100 trace,late,playable_gear,1,—,low,low,NO,YES,ok,maintain
rep_oil,鍛冶油,repair_material,repair_material,R,35,NO,—,—,—,—,forgotten_market; silver_mine,—,—,—,—,0,0/none,early,repair_material,1,—,low,low,NO,NO,ok,maintain
arm_set_rain_head,雨音兜,equipment,playable_gear,R,40,YES,head,set_rain,雨音の路地(rain_ruins),—,—,—,—,—,—,9.28,0.83/100 trace,early,playable_gear,1,—,low,low,NO,YES,ok,maintain
arm_set_rain_arms,雨音篭手,equipment,playable_gear,R,40,YES,arms,set_rain,雨漏りの礼拝堂(rain_ruins),—,—,—,—,—,—,8.96,0.83/100 trace,early,playable_gear,1,—,low,low,NO,YES,ok,maintain
arm_set_rain_legs,雨音腿当て,equipment,playable_gear,R,40,YES,legs,set_rain,泥濘の畑(rain_ruins),—,—,—,—,—,—,9.92,0.84/100 trace,early,playable_gear,1,—,low,low,NO,YES,ok,maintain
arm_set_rain_body,雨音鎧,equipment,playable_gear,R,40,YES,body,set_rain,水没した家屋(rain_ruins),—,—,—,—,—,—,9.28,0.83/100 trace,early,playable_gear,1,—,low,low,NO,YES,ok,maintain
arm_set_rain_feet,雨音靴,equipment,playable_gear,R,40,YES,feet,set_rain,泥濘の畑(rain_ruins),—,—,—,—,—,—,9.92,0.84/100 trace,early,playable_gear,1,—,low,low,NO,YES,ok,maintain
dism_mist_thread,霧守りの縫糸,dismantle_material,set_material,R,25,NO,—,—,—,—,—,—,—,—,—,0,0/none,early,set_material,1,—,low,low,NO,NO,ok,maintain
mat_mist_leaf,霧守りの葉,area_material,enhance_material,R,30,NO,—,—,霧深き獣道(mist_forest); 毒蔦の小径(mist_forest); 古樹の根元(mist_forest); 迷い茸の群生地(mist_forest); 沼底の参道(glass_marsh),—,—,—,—,—,—,59.760000000000005,6.8/100 mid,early,enhance_material,1,—,high,low,NO,NO,over_supplied,lower_supply
acc_mist_talisman,霧守りの護符,equipment,playable_gear,R,135,YES,accessory2,—,—,—,mist_forest,—,—,—,—,0,0/none,early,playable_gear,1,—,low,low,NO,NO,ok,maintain
arm_set_mist_head,霧守り兜,equipment,playable_gear,R,40,YES,head,set_mist,古樹の根元(mist_forest),—,—,—,—,—,—,8.64,0.83/100 trace,mid,playable_gear,1,—,low,low,NO,YES,ok,maintain
arm_set_mist_arms,霧守り篭手,equipment,playable_gear,R,40,YES,arms,set_mist,霧深き獣道(mist_forest),—,—,—,—,—,—,9.28,0.83/100 trace,early,playable_gear,1,—,low,low,NO,YES,ok,maintain
arm_set_mist_legs,霧守り腿当て,equipment,playable_gear,R,40,YES,legs,set_mist,毒蔦の小径(mist_forest),—,—,—,—,—,—,9.28,0.83/100 trace,early,playable_gear,1,—,low,low,NO,YES,ok,maintain
arm_set_mist_body,霧守り鎧,equipment,playable_gear,R,40,YES,body,set_mist,迷い茸の群生地(mist_forest),—,—,—,—,—,—,9.92,0.84/100 trace,mid,playable_gear,1,—,low,low,NO,YES,ok,maintain
arm_set_mist_feet,霧守り靴,equipment,playable_gear,R,40,YES,feet,set_mist,眠れる獣の巣(mist_forest),—,—,—,—,—,—,11.84,0.85/100 trace,mid,playable_gear,1,—,low,low,NO,YES,ok,maintain
wpn_mist_staff,霧払いの杖,equipment,playable_gear,R,50,YES,weapon,—,星原の外れ(start_starfield); 星屑の草道(start_starfield); 古い訓練場(start_starfield); 古道の荷車跡(old_road_village); 朽ちた旅籠(old_road_village); 盗賊の抜け道(old_road_village); 薄明の海岸(twilight_port); 灯台下の岩場(twilight_port); 沈没船の甲板(twilight_port); 白銀坑道(silver_mine); 旧採掘路(silver_mine); 結晶の縦穴(silver_mine); 霧深き獣道(mist_forest); 雨音の路地(rain_ruins); 水没した家屋(rain_ruins); 朽ちた井戸(rain_ruins); 月下図書館・禁書区画(moon_library); 紙魚の回廊(moon_library); 記録端末室(moon_library); 忘却の地下路(forgotten_market); 黒市の裏通り(forgotten_market); 呪具置き場(forgotten_market); 砂時計の廃路(hourglass_city); 時紋の市場跡(hourglass_city); 喪失者の広場(hourglass_city); 灰冠の王都地下(ash_capital); 旧統治軍詰所(ash_capital); 王都地下牢(ash_capital); 竜骨の峡谷(dragonbone_valley); 大骨市場跡(dragonbone_valley); 竜鳴きの崖(dragonbone_valley); 沈黙の回廊(silent_monastery); 懺悔室(silent_monastery); 祈りの間(silent_monastery); 硝子沼(glass_marsh); 割れた水面(glass_marsh); 沼底の参道(glass_marsh); 赤灰の外壁(red_ash_fort); 焼けた兵舎(red_ash_fort); 砦地下倉庫(red_ash_fort); 深層炉入口(deep_furnace_outpost); 炉心監視塔(deep_furnace_outpost); 機工整備場(deep_furnace_outpost); 星落ちの観測台(starfall_observatory); 砕けた望遠塔(starfall_observatory); 星屑の実験室(starfall_observatory); ヴァルハラ外郭(valhalla_fortress); 機械兵格納庫(valhalla_fortress); 空塞昇降路(valhalla_fortress),—,—,—,—,YES,—,114.83999999999986,0.78/100 trace,early,playable_gear,1,—,low,low,NO,YES,ok,maintain
wpn_black_lamp_twin,黒灯りの双刃,equipment,playable_gear,R,50,YES,weapon,—,忘却の地下路(forgotten_market); 黒灯りの路地(black_lantern_lane),—,—,—,—,—,—,14.64,0.82/100 trace,mid,playable_gear,1,—,low,low,NO,YES,ok,maintain
wpn_cracked_axe,ひび割れた斧,equipment,playable_gear,N,50,YES,weapon,—,壊れた祠(start_starfield),—,—,—,—,—,—,9.92,0.34/100 trace,early,playable_gear,1,—,low,low,NO,YES,ok,maintain
mat_cracked_bone,ひび割れた骨,common_material,enhance_material,N,6,NO,—,—,旅人の墓標(old_road_village),—,—,—,—,—,—,12,6.9/100 mid,early,enhance_material,1,—,high,low,NO,NO,over_supplied,lower_supply
mat_dry_herb,乾いた薬草,common_material,enhance_material,N,5,NO,—,—,壊れた祠(start_starfield); 毒蔦の小径(mist_forest); 朽ちた井戸(rain_ruins); 雨漏りの礼拝堂(rain_ruins),—,—,—,—,—,—,53.76,7.7/100 mid,early,enhance_material,1,—,high,low,NO,NO,over_supplied,lower_supply
wpn_old_bow,古い弓,equipment,playable_gear,N,50,YES,weapon,—,星原の外れ(start_starfield); 星屑の草道(start_starfield); 古い訓練場(start_starfield); 古道の荷車跡(old_road_village); 朽ちた旅籠(old_road_village); 盗賊の抜け道(old_road_village); 薄明の海岸(twilight_port); 灯台下の岩場(twilight_port); 沈没船の甲板(twilight_port); 白銀坑道(silver_mine); 旧採掘路(silver_mine); 結晶の縦穴(silver_mine); 霧深き獣道(mist_forest); 毒蔦の小径(mist_forest); 古樹の根元(mist_forest); 雨音の路地(rain_ruins); 水没した家屋(rain_ruins); 朽ちた井戸(rain_ruins); 月下図書館・禁書区画(moon_library); 紙魚の回廊(moon_library); 記録端末室(moon_library); 忘却の地下路(forgotten_market); 黒市の裏通り(forgotten_market); 呪具置き場(forgotten_market); 砂時計の廃路(hourglass_city); 時紋の市場跡(hourglass_city); 喪失者の広場(hourglass_city); 灰冠の王都地下(ash_capital); 旧統治軍詰所(ash_capital); 王都地下牢(ash_capital); 竜骨の峡谷(dragonbone_valley); 大骨市場跡(dragonbone_valley); 竜鳴きの崖(dragonbone_valley); 沈黙の回廊(silent_monastery); 懺悔室(silent_monastery); 祈りの間(silent_monastery); 硝子沼(glass_marsh); 割れた水面(glass_marsh); 沼底の参道(glass_marsh); 赤灰の外壁(red_ash_fort); 焼けた兵舎(red_ash_fort); 砦地下倉庫(red_ash_fort); 深層炉入口(deep_furnace_outpost); 炉心監視塔(deep_furnace_outpost); 機工整備場(deep_furnace_outpost); 星落ちの観測台(starfall_observatory); 砕けた望遠塔(starfall_observatory); 星屑の実験室(starfall_observatory); ヴァルハラ外郭(valhalla_fortress); 機械兵格納庫(valhalla_fortress); 空塞昇降路(valhalla_fortress),—,mist_forest; old_road_village,—,—,YES,—,118.31999999999984,0.29/100 trace,early,playable_gear,1,—,low,low,NO,YES,ok,maintain
dism_old_leather,古びた革紐,dismantle_material,set_material,N,4,NO,—,—,—,—,—,—,—,—,—,0,0/none,early,set_material,1,—,low,low,NO,NO,ok,maintain
mat_old_wood,古材,common_material,enhance_material,N,5,NO,—,—,古道の荷車跡(old_road_village),—,—,—,—,—,—,14.879999999999999,8.5/100 mid,early,enhance_material,1,—,high,low,NO,NO,over_supplied,lower_supply
wpn_old_road_knife,古道のナイフ,equipment,playable_gear,N,50,YES,weapon,—,古道の荷車跡(old_road_village),—,old_road_village,—,—,—,—,9.28,0.34/100 trace,early,playable_gear,1,—,low,low,NO,YES,ok,maintain
cons_heal_potion,回復薬,consumable,consumable,N,9,NO,—,—,—,—,black_lantern_lane; buried_aqueduct; dragonbone_valley; glass_marsh; hollow_bell_town; iron_snow_post; old_road_village; prayer_hill; rain_ruins; red_ash_fort; silent_monastery; starfall_observatory; start_starfield; twilight_port,—,—,—,—,0,0/none,early,consumable,1,—,low,low,NO,NO,ok,maintain
mat_small_mana,小さな魔石,common_material,enhance_material,N,10,NO,—,—,夜歩きの丘(start_starfield); 結晶の縦穴(silver_mine),—,—,—,—,—,—,26.88,7.7/100 mid,early,enhance_material,1,—,high,low,NO,NO,over_supplied,lower_supply
wpn_mini_cannon,小型機工砲,equipment,playable_gear,N,50,YES,weapon,—,星原の外れ(start_starfield); 星屑の草道(start_starfield); 古い訓練場(start_starfield); 古道の荷車跡(old_road_village); 朽ちた旅籠(old_road_village); 盗賊の抜け道(old_road_village); 薄明の海岸(twilight_port); 灯台下の岩場(twilight_port); 沈没船の甲板(twilight_port); 白銀坑道(silver_mine); 旧採掘路(silver_mine); 結晶の縦穴(silver_mine); 霧深き獣道(mist_forest); 毒蔦の小径(mist_forest); 古樹の根元(mist_forest); 雨音の路地(rain_ruins); 水没した家屋(rain_ruins); 朽ちた井戸(rain_ruins); 月下図書館・禁書区画(moon_library); 紙魚の回廊(moon_library); 記録端末室(moon_library); 忘却の地下路(forgotten_market); 黒市の裏通り(forgotten_market); 呪具置き場(forgotten_market); 砂時計の廃路(hourglass_city); 時紋の市場跡(hourglass_city); 喪失者の広場(hourglass_city); 灰冠の王都地下(ash_capital); 旧統治軍詰所(ash_capital); 王都地下牢(ash_capital); 竜骨の峡谷(dragonbone_valley); 大骨市場跡(dragonbone_valley); 竜鳴きの崖(dragonbone_valley); 沈黙の回廊(silent_monastery); 懺悔室(silent_monastery); 祈りの間(silent_monastery); 硝子沼(glass_marsh); 割れた水面(glass_marsh); 沼底の参道(glass_marsh); 赤灰の外壁(red_ash_fort); 焼けた兵舎(red_ash_fort); 砦地下倉庫(red_ash_fort); 深層炉入口(deep_furnace_outpost); 炉心監視塔(deep_furnace_outpost); 機工整備場(deep_furnace_outpost); 星落ちの観測台(starfall_observatory); 砕けた望遠塔(starfall_observatory); 星屑の実験室(starfall_observatory); ヴァルハラ外郭(valhalla_fortress); 機械兵格納庫(valhalla_fortress); 空塞昇降路(valhalla_fortress),—,deep_furnace_outpost; silver_mine,—,—,YES,—,118.31999999999984,0.29/100 trace,early,playable_gear,1,—,low,low,NO,YES,ok,maintain
mat_cloth_scrap,布切れ,common_material,enhance_material,N,3,NO,—,—,星屑の草道(start_starfield); 朽ちた旅籠(old_road_village); 水没した家屋(rain_ruins),星原スライム; 欠け角ウルフ; 草陰の小鬼; 星屑コウモリ; 野盗見習い; 古びた訓練人形; 夜歩きの影; 濡れ羽ガル; 塩喰い蟹; 漂流亡者; 灯台クラゲ; 海霧の盗賊; 沈没船の甲板兵; 潮騒の怨霊; 鉱石喰らい; 白銀ゴーレム; 坑道コウモリ; 錆びた採掘機; 落盤虫; 黒鉄の番兵; 結晶蜘蛛; 霧鹿; 毒蔦スライム; 迷い茸; 枯れ枝の従者; 森喰い狼; 古樹の番人; 眠れる獣王; 紙魚の群れ; 走る禁書; インクの魔物; 壊れた記録端末; 影写しの司書; 月下の観測者; 無答の守護者; 黒市の用心棒; 呪具憑き; 仮面盗賊; 逃亡兵; 黒鉄処刑人; 契約失敗体; 地下市の番犬; 古王兵; 灰冠騎士; 王都亡者; 破盾兵; 鎧蜘蛛; 旧統治軍魔導士; 玉座の残影; 炉心ドローン; 機械兵Type-I; 機械兵Type-II; 暴走整備機; アーク残滓体; 炉熱の番人; 深層監視者; 旧統治軍制式兵; 空塞機兵; 実験区画の失敗体; 炉心防衛ユニット; 玉座の守護機; マキナの残響; 旧王の影; 深層炉心核,—,—,—,—,—,44.64,8.5/100 mid,early,enhance_material,1,—,high,low,NO,NO,over_supplied,lower_supply
wpn_traveler_sword,旅人の剣,equipment,playable_gear,N,50,YES,weapon,—,星原の外れ(start_starfield); 星屑の草道(start_starfield); 古い訓練場(start_starfield); 古道の荷車跡(old_road_village); 朽ちた旅籠(old_road_village); 盗賊の抜け道(old_road_village); 薄明の海岸(twilight_port); 灯台下の岩場(twilight_port); 沈没船の甲板(twilight_port); 白銀坑道(silver_mine); 旧採掘路(silver_mine); 結晶の縦穴(silver_mine); 霧深き獣道(mist_forest); 毒蔦の小径(mist_forest); 古樹の根元(mist_forest); 雨音の路地(rain_ruins); 水没した家屋(rain_ruins); 朽ちた井戸(rain_ruins); 月下図書館・禁書区画(moon_library); 紙魚の回廊(moon_library); 記録端末室(moon_library); 忘却の地下路(forgotten_market); 黒市の裏通り(forgotten_market); 呪具置き場(forgotten_market); 砂時計の廃路(hourglass_city); 時紋の市場跡(hourglass_city); 喪失者の広場(hourglass_city); 灰冠の王都地下(ash_capital); 旧統治軍詰所(ash_capital); 王都地下牢(ash_capital); 竜骨の峡谷(dragonbone_valley); 大骨市場跡(dragonbone_valley); 竜鳴きの崖(dragonbone_valley); 沈黙の回廊(silent_monastery); 懺悔室(silent_monastery); 祈りの間(silent_monastery); 硝子沼(glass_marsh); 割れた水面(glass_marsh); 沼底の参道(glass_marsh); 赤灰の外壁(red_ash_fort); 焼けた兵舎(red_ash_fort); 砦地下倉庫(red_ash_fort); 深層炉入口(deep_furnace_outpost); 炉心監視塔(deep_furnace_outpost); 機工整備場(deep_furnace_outpost); 星落ちの観測台(starfall_observatory); 砕けた望遠塔(starfall_observatory); 星屑の実験室(starfall_observatory); ヴァルハラ外郭(valhalla_fortress); 機械兵格納庫(valhalla_fortress); 空塞昇降路(valhalla_fortress),—,black_lantern_lane; buried_aqueduct; dragonbone_valley; glass_marsh; hollow_bell_town; iron_snow_post; prayer_hill; red_ash_fort; silent_monastery; starfall_observatory; start_starfield,—,—,YES,—,177.4799999999999,0.30/100 trace,early,playable_gear,1,—,low,low,NO,YES,ok,maintain
acc_traveler_ring,旅人の指輪,equipment,playable_gear,N,24,YES,accessory1,—,—,—,mist_forest,—,—,—,—,0,0/none,early,playable_gear,1,—,low,low,NO,NO,ok,maintain
acc_traveler_talisman,旅人の護符,equipment,playable_gear,N,24,YES,accessory2,—,—,—,black_lantern_lane; buried_aqueduct; dragonbone_valley; glass_marsh; hollow_bell_town; iron_snow_post; prayer_hill; red_ash_fort; silent_monastery; starfall_observatory; start_starfield,—,—,—,—,0,0/none,early,playable_gear,1,—,low,low,NO,NO,ok,maintain
mat_starfield_grass,星原草,area_material,enhance_material,N,15,NO,—,—,星原の外れ(start_starfield); 星屑の草道(start_starfield); 泥濘の畑(rain_ruins),—,—,—,—,—,—,41.76,8.0/100 mid,early,enhance_material,1,—,high,low,NO,NO,over_supplied,lower_supply
wpn_wood_axe,木こりの斧,equipment,playable_gear,N,50,YES,weapon,—,星原の外れ(start_starfield),—,—,—,—,—,—,9.28,0.34/100 trace,early,playable_gear,1,—,low,low,NO,YES,ok,maintain
wpn_broken_wrap,欠けた拳帯,equipment,playable_gear,N,50,YES,weapon,—,古道の荷車跡(old_road_village),—,—,—,—,—,—,9.28,0.34/100 trace,early,playable_gear,1,—,low,low,NO,YES,ok,maintain
mat_beast_fang,獣の牙,common_material,enhance_material,N,8,NO,—,—,盗賊の抜け道(old_road_village),—,—,—,—,—,—,14.879999999999999,8.5/100 mid,early,enhance_material,1,—,high,low,NO,NO,over_supplied,lower_supply
mat_beast_hide,獣皮,common_material,enhance_material,N,8,NO,—,—,旅人の墓標(old_road_village),—,—,—,—,—,—,12,6.9/100 mid,early,enhance_material,1,—,high,low,NO,NO,over_supplied,lower_supply
wpn_leather_gauntlet,皮巻きの拳甲,equipment,playable_gear,N,50,YES,weapon,—,星原の外れ(start_starfield); 星屑の草道(start_starfield); 古い訓練場(start_starfield); 古道の荷車跡(old_road_village); 朽ちた旅籠(old_road_village); 盗賊の抜け道(old_road_village); 薄明の海岸(twilight_port); 灯台下の岩場(twilight_port); 沈没船の甲板(twilight_port); 白銀坑道(silver_mine); 旧採掘路(silver_mine); 結晶の縦穴(silver_mine); 霧深き獣道(mist_forest); 毒蔦の小径(mist_forest); 古樹の根元(mist_forest); 雨音の路地(rain_ruins); 水没した家屋(rain_ruins); 朽ちた井戸(rain_ruins); 月下図書館・禁書区画(moon_library); 紙魚の回廊(moon_library); 記録端末室(moon_library); 忘却の地下路(forgotten_market); 黒市の裏通り(forgotten_market); 呪具置き場(forgotten_market); 砂時計の廃路(hourglass_city); 時紋の市場跡(hourglass_city); 喪失者の広場(hourglass_city); 灰冠の王都地下(ash_capital); 旧統治軍詰所(ash_capital); 王都地下牢(ash_capital); 竜骨の峡谷(dragonbone_valley); 大骨市場跡(dragonbone_valley); 竜鳴きの崖(dragonbone_valley); 沈黙の回廊(silent_monastery); 懺悔室(silent_monastery); 祈りの間(silent_monastery); 硝子沼(glass_marsh); 割れた水面(glass_marsh); 沼底の参道(glass_marsh); 赤灰の外壁(red_ash_fort); 焼けた兵舎(red_ash_fort); 砦地下倉庫(red_ash_fort); 深層炉入口(deep_furnace_outpost); 炉心監視塔(deep_furnace_outpost); 機工整備場(deep_furnace_outpost); 星落ちの観測台(starfall_observatory); 砕けた望遠塔(starfall_observatory); 星屑の実験室(starfall_observatory); ヴァルハラ外郭(valhalla_fortress); 機械兵格納庫(valhalla_fortress); 空塞昇降路(valhalla_fortress),—,black_lantern_lane; buried_aqueduct; dragonbone_valley; glass_marsh; hollow_bell_town; iron_snow_post; old_road_village; prayer_hill; red_ash_fort; silent_monastery; starfall_observatory; start_starfield,—,—,YES,—,118.31999999999984,0.29/100 trace,early,playable_gear,1,—,low,low,NO,YES,ok,maintain
dism_torn_cloth,破れた布片,dismantle_material,set_material,N,3,NO,—,—,—,—,—,—,—,—,—,0,0/none,early,set_material,1,—,low,low,NO,NO,ok,maintain
wpn_prayer_rod,祈りの短杖,equipment,playable_gear,N,50,YES,weapon,—,星原の外れ(start_starfield); 星屑の草道(start_starfield); 古い訓練場(start_starfield); 古道の荷車跡(old_road_village); 朽ちた旅籠(old_road_village); 盗賊の抜け道(old_road_village); 薄明の海岸(twilight_port); 灯台下の岩場(twilight_port); 沈没船の甲板(twilight_port); 白銀坑道(silver_mine); 旧採掘路(silver_mine); 結晶の縦穴(silver_mine); 霧深き獣道(mist_forest); 毒蔦の小径(mist_forest); 古樹の根元(mist_forest); 雨音の路地(rain_ruins); 水没した家屋(rain_ruins); 朽ちた井戸(rain_ruins); 月下図書館・禁書区画(moon_library); 紙魚の回廊(moon_library); 記録端末室(moon_library); 忘却の地下路(forgotten_market); 黒市の裏通り(forgotten_market); 呪具置き場(forgotten_market); 砂時計の廃路(hourglass_city); 時紋の市場跡(hourglass_city); 喪失者の広場(hourglass_city); 灰冠の王都地下(ash_capital); 旧統治軍詰所(ash_capital); 王都地下牢(ash_capital); 竜骨の峡谷(dragonbone_valley); 大骨市場跡(dragonbone_valley); 竜鳴きの崖(dragonbone_valley); 沈黙の回廊(silent_monastery); 懺悔室(silent_monastery); 祈りの間(silent_monastery); 硝子沼(glass_marsh); 割れた水面(glass_marsh); 沼底の参道(glass_marsh); 赤灰の外壁(red_ash_fort); 焼けた兵舎(red_ash_fort); 砦地下倉庫(red_ash_fort); 深層炉入口(deep_furnace_outpost); 炉心監視塔(deep_furnace_outpost); 機工整備場(deep_furnace_outpost); 星落ちの観測台(starfall_observatory); 砕けた望遠塔(starfall_observatory); 星屑の実験室(starfall_observatory); ヴァルハラ外郭(valhalla_fortress); 機械兵格納庫(valhalla_fortress); 空塞昇降路(valhalla_fortress),—,—,—,—,YES,—,121.79999999999984,0.29/100 trace,early,playable_gear,1,—,low,low,NO,YES,ok,maintain
upg_rough_stone,粗い強化石,upgrade_stone,enhance_material,N,10,NO,—,—,古い訓練場(start_starfield); 石積みの橋(old_road_village); 灯台下の岩場(twilight_port); 朽ちた井戸(rain_ruins),星原スライム; 欠け角ウルフ; 草陰の小鬼; 星屑コウモリ; 野盗見習い; 古びた訓練人形; 夜歩きの影; 濡れ羽ガル; 塩喰い蟹; 漂流亡者; 灯台クラゲ; 海霧の盗賊; 沈没船の甲板兵; 潮騒の怨霊; 鉱石喰らい; 白銀ゴーレム; 坑道コウモリ; 錆びた採掘機; 落盤虫; 黒鉄の番兵; 結晶蜘蛛; 霧鹿; 毒蔦スライム; 迷い茸; 枯れ枝の従者; 森喰い狼; 古樹の番人; 眠れる獣王; 紙魚の群れ; 走る禁書; インクの魔物; 壊れた記録端末; 影写しの司書; 月下の観測者; 無答の守護者; 黒市の用心棒; 呪具憑き; 仮面盗賊; 逃亡兵; 黒鉄処刑人; 契約失敗体; 地下市の番犬; 古王兵; 灰冠騎士; 王都亡者; 破盾兵; 鎧蜘蛛; 旧統治軍魔導士; 玉座の残影; 炉心ドローン; 機械兵Type-I; 機械兵Type-II; 暴走整備機; アーク残滓体; 炉熱の番人; 深層監視者; 旧統治軍制式兵; 空塞機兵; 実験区画の失敗体; 炉心防衛ユニット; 玉座の守護機; マキナの残響; 旧王の影; 深層炉心核,black_lantern_lane; buried_aqueduct; dragonbone_valley; glass_marsh; hollow_bell_town; iron_snow_post; old_road_village; prayer_hill; rain_ruins; red_ash_fort; silent_monastery; starfall_observatory; start_starfield; twilight_port,—,—,—,—,56.64,8.1/100 mid,early,enhance_material,1,—,high,low,NO,NO,over_supplied,lower_supply
wpn_crude_spear,粗末な槍,equipment,playable_gear,N,50,YES,weapon,—,古い訓練場(start_starfield),—,—,—,—,—,—,9.28,0.34/100 trace,early,playable_gear,1,—,low,low,NO,YES,ok,maintain
rep_patch,補修布,repair_material,repair_material,N,15,NO,—,—,—,—,black_lantern_lane; buried_aqueduct; dragonbone_valley; glass_marsh; hollow_bell_town; iron_snow_post; mist_forest; old_road_village; prayer_hill; red_ash_fort; silent_monastery; starfall_observatory; start_starfield; twilight_port,—,—,—,—,0,0/none,early,repair_material,1,—,low,low,NO,NO,ok,maintain
wpn_apprentice_staff,見習い杖,equipment,playable_gear,N,50,YES,weapon,—,夜歩きの丘(start_starfield),—,—,—,—,—,—,8.96,0.34/100 trace,early,playable_gear,1,—,low,low,NO,YES,ok,maintain
cons_antidote,解毒薬,consumable,consumable,N,8,NO,—,—,—,—,black_lantern_lane; buried_aqueduct; dragonbone_valley; glass_marsh; hollow_bell_town; iron_snow_post; mist_forest; old_road_village; prayer_hill; rain_ruins; red_ash_fort; silent_monastery; silver_mine; starfall_observatory; start_starfield; twilight_port,—,—,—,—,0,0/none,early,consumable,1,—,low,low,NO,NO,ok,maintain
wpn_training_shield,訓練用大盾,equipment,playable_gear,N,50,YES,weapon,—,壊れた祠(start_starfield),—,—,—,—,—,—,9.92,0.34/100 trace,early,playable_gear,1,—,low,low,NO,YES,ok,maintain
wpn_training_hammer,訓練用槌,equipment,playable_gear,N,50,YES,weapon,—,星原の外れ(start_starfield); 星屑の草道(start_starfield); 古い訓練場(start_starfield); 古道の荷車跡(old_road_village); 朽ちた旅籠(old_road_village); 盗賊の抜け道(old_road_village); 薄明の海岸(twilight_port); 灯台下の岩場(twilight_port); 沈没船の甲板(twilight_port); 白銀坑道(silver_mine); 旧採掘路(silver_mine); 結晶の縦穴(silver_mine); 霧深き獣道(mist_forest); 毒蔦の小径(mist_forest); 古樹の根元(mist_forest); 雨音の路地(rain_ruins); 水没した家屋(rain_ruins); 朽ちた井戸(rain_ruins); 月下図書館・禁書区画(moon_library); 紙魚の回廊(moon_library); 記録端末室(moon_library); 忘却の地下路(forgotten_market); 黒市の裏通り(forgotten_market); 呪具置き場(forgotten_market); 砂時計の廃路(hourglass_city); 時紋の市場跡(hourglass_city); 喪失者の広場(hourglass_city); 灰冠の王都地下(ash_capital); 旧統治軍詰所(ash_capital); 王都地下牢(ash_capital); 竜骨の峡谷(dragonbone_valley); 大骨市場跡(dragonbone_valley); 竜鳴きの崖(dragonbone_valley); 沈黙の回廊(silent_monastery); 懺悔室(silent_monastery); 祈りの間(silent_monastery); 硝子沼(glass_marsh); 割れた水面(glass_marsh); 沼底の参道(glass_marsh); 赤灰の外壁(red_ash_fort); 焼けた兵舎(red_ash_fort); 砦地下倉庫(red_ash_fort); 深層炉入口(deep_furnace_outpost); 炉心監視塔(deep_furnace_outpost); 機工整備場(deep_furnace_outpost); 星落ちの観測台(starfall_observatory); 砕けた望遠塔(starfall_observatory); 星屑の実験室(starfall_observatory); ヴァルハラ外郭(valhalla_fortress); 機械兵格納庫(valhalla_fortress); 空塞昇降路(valhalla_fortress),—,old_road_village; silver_mine,—,—,YES,—,118.31999999999984,0.29/100 trace,early,playable_gear,1,—,low,low,NO,YES,ok,maintain
wpn_iron_scrap_barrel,鉄屑の砲筒,equipment,playable_gear,N,50,YES,weapon,—,黒鉄鉱脈(silver_mine),—,—,—,—,—,—,11.84,0.36/100 trace,mid,playable_gear,1,—,low,low,NO,YES,ok,maintain
mat_iron_scrap,鉄片,common_material,enhance_material,N,5,NO,—,—,星原の外れ(start_starfield); 沈没船の甲板(twilight_port),星原スライム; 欠け角ウルフ; 草陰の小鬼; 星屑コウモリ; 野盗見習い; 古びた訓練人形; 夜歩きの影; 濡れ羽ガル; 塩喰い蟹; 漂流亡者; 灯台クラゲ; 海霧の盗賊; 沈没船の甲板兵; 潮騒の怨霊; 鉱石喰らい; 白銀ゴーレム; 坑道コウモリ; 錆びた採掘機; 落盤虫; 黒鉄の番兵; 結晶蜘蛛; 霧鹿; 毒蔦スライム; 迷い茸; 枯れ枝の従者; 森喰い狼; 古樹の番人; 眠れる獣王; 紙魚の群れ; 走る禁書; インクの魔物; 壊れた記録端末; 影写しの司書; 月下の観測者; 無答の守護者; 黒市の用心棒; 呪具憑き; 仮面盗賊; 逃亡兵; 黒鉄処刑人; 契約失敗体; 地下市の番犬; 古王兵; 灰冠騎士; 王都亡者; 破盾兵; 鎧蜘蛛; 旧統治軍魔導士; 玉座の残影; 炉心ドローン; 機械兵Type-I; 機械兵Type-II; 暴走整備機; アーク残滓体; 炉熱の番人; 深層監視者; 旧統治軍制式兵; 空塞機兵; 実験区画の失敗体; 炉心防衛ユニット; 玉座の守護機; マキナの残響; 旧王の影; 深層炉心核,—,—,—,—,—,29.759999999999998,8.5/100 mid,early,enhance_material,1,—,high,low,NO,NO,over_supplied,lower_supply
wpn_rust_dagger,錆びた短剣,equipment,playable_gear,N,50,YES,weapon,—,星原の外れ(start_starfield); 星屑の草道(start_starfield); 古い訓練場(start_starfield); 古道の荷車跡(old_road_village); 朽ちた旅籠(old_road_village); 盗賊の抜け道(old_road_village); 薄明の海岸(twilight_port); 灯台下の岩場(twilight_port); 沈没船の甲板(twilight_port); 白銀坑道(silver_mine); 旧採掘路(silver_mine); 結晶の縦穴(silver_mine); 霧深き獣道(mist_forest); 毒蔦の小径(mist_forest); 古樹の根元(mist_forest); 雨音の路地(rain_ruins); 水没した家屋(rain_ruins); 朽ちた井戸(rain_ruins); 月下図書館・禁書区画(moon_library); 紙魚の回廊(moon_library); 記録端末室(moon_library); 忘却の地下路(forgotten_market); 黒市の裏通り(forgotten_market); 呪具置き場(forgotten_market); 砂時計の廃路(hourglass_city); 時紋の市場跡(hourglass_city); 喪失者の広場(hourglass_city); 灰冠の王都地下(ash_capital); 旧統治軍詰所(ash_capital); 王都地下牢(ash_capital); 竜骨の峡谷(dragonbone_valley); 大骨市場跡(dragonbone_valley); 竜鳴きの崖(dragonbone_valley); 沈黙の回廊(silent_monastery); 懺悔室(silent_monastery); 祈りの間(silent_monastery); 硝子沼(glass_marsh); 割れた水面(glass_marsh); 沼底の参道(glass_marsh); 赤灰の外壁(red_ash_fort); 焼けた兵舎(red_ash_fort); 砦地下倉庫(red_ash_fort); 深層炉入口(deep_furnace_outpost); 炉心監視塔(deep_furnace_outpost); 機工整備場(deep_furnace_outpost); 星落ちの観測台(starfall_observatory); 砕けた望遠塔(starfall_observatory); 星屑の実験室(starfall_observatory); ヴァルハラ外郭(valhalla_fortress); 機械兵格納庫(valhalla_fortress); 空塞昇降路(valhalla_fortress),—,—,—,—,YES,—,121.79999999999984,0.29/100 trace,early,playable_gear,1,—,low,low,NO,YES,ok,maintain
dism_rust_iron,錆びた鉄片,dismantle_material,set_material,N,4,NO,—,—,—,—,—,—,—,—,—,0,0/none,early,set_material,1,—,low,low,NO,NO,ok,maintain
wpn_rain_bow,雨濡れの弓,equipment,playable_gear,N,50,YES,weapon,—,沈没船の甲板(twilight_port); 雨音の路地(rain_ruins),—,rain_ruins,—,—,—,—,18.56,0.34/100 trace,early,playable_gear,1,—,low,low,NO,YES,ok,maintain