section,job,level,main_job,sub_job,max_hp,max_mp,attack,magic,defense,speed,physical_index,magic_index,durability_index,loadout,extra
player_sample,剣士,1,剣士,刃走り,105,26,14,7,8,11,18.0,11.0,169,装備なし,
player_sample,剣士,1,剣士,刃走り,105,26,14,7,8,11,18.0,11.0,169,標準装備,
player_sample,剣士,1,剣士,刃走り,105,26,14,7,8,11,18.0,11.0,169,整った装備,
player_sample,重騎士,1,重騎士,城壁番,151,25,10,7,13,7,16.5,11.0,255,装備なし,
player_sample,重騎士,1,重騎士,城壁番,151,25,10,7,13,7,16.5,11.0,255,標準装備,
player_sample,重騎士,1,重騎士,城壁番,151,25,10,7,13,7,16.5,11.0,255,整った装備,
player_sample,狩人,1,狩人,矢痕読み,96,27,12,7,6,13,15.0,11.0,144,装備なし,
player_sample,狩人,1,狩人,矢痕読み,96,27,12,7,6,13,15.0,11.0,144,標準装備,
player_sample,狩人,1,狩人,矢痕読み,96,27,12,7,6,13,15.0,11.0,144,整った装備,
player_sample,魔術師,1,魔術師,灰術士,70,43,5,17,5,9,7.5,21.0,110,装備なし,
player_sample,魔術師,1,魔術師,灰術士,70,43,5,17,5,9,7.5,21.0,110,標準装備,
player_sample,魔術師,1,魔術師,灰術士,70,43,5,17,5,9,7.5,21.0,110,整った装備,
player_sample,祈祷師,1,祈祷師,灯守,95,42,6,14,8,8,10.0,18.0,159,装備なし,
player_sample,祈祷師,1,祈祷師,灯守,95,42,6,14,8,8,10.0,18.0,159,標準装備,
player_sample,祈祷師,1,祈祷師,灯守,95,42,6,14,8,8,10.0,18.0,159,整った装備,
player_sample,斥候,1,斥候,影足,80,26,11,7,5,17,13.5,11.0,120,装備なし,
player_sample,斥候,1,斥候,影足,80,26,11,7,5,17,13.5,11.0,120,標準装備,
player_sample,斥候,1,斥候,影足,80,26,11,7,5,17,13.5,11.0,120,整った装備,
player_sample,機工師,1,機工師,歯車工,100,32,12,12,7,9,15.5,16.0,156,装備なし,
player_sample,機工師,1,機工師,歯車工,100,32,12,12,7,9,15.5,16.0,156,標準装備,
player_sample,機工師,1,機工師,歯車工,100,32,12,12,7,9,15.5,16.0,156,整った装備,
player_sample,格闘士,1,格闘士,勁打者,123,25,16,5,7,11,19.5,9.0,179,装備なし,
player_sample,格闘士,1,格闘士,勁打者,123,25,16,5,7,11,19.5,9.0,179,標準装備,
player_sample,格闘士,1,格闘士,勁打者,123,25,16,5,7,11,19.5,9.0,179,整った装備,
player_sample,巡礼者,1,巡礼者,繋ぎ手,100,28,10,10,8,10,14.0,14.0,164,装備なし,
player_sample,巡礼者,1,巡礼者,繋ぎ手,100,28,10,10,8,10,14.0,14.0,164,標準装備,
player_sample,巡礼者,1,巡礼者,繋ぎ手,100,28,10,10,8,10,14.0,14.0,164,整った装備,
player_sample,黄昏剣聖,1,黄昏剣聖,刃走り,123,27,17,8,9,12,21.5,12.0,195,装備なし,
player_sample,黄昏剣聖,1,黄昏剣聖,刃走り,123,27,17,8,9,12,21.5,12.0,195,標準装備,
player_sample,黄昏剣聖,1,黄昏剣聖,刃走り,123,27,17,8,9,12,21.5,12.0,195,整った装備,
player_sample,白銀城塞騎士,1,白銀城塞騎士,城壁番,190,25,11,7,16,7,19.0,11.0,318,装備なし,
player_sample,白銀城塞騎士,1,白銀城塞騎士,城壁番,190,25,11,7,16,7,19.0,11.0,318,標準装備,
player_sample,白銀城塞騎士,1,白銀城塞騎士,城壁番,190,25,11,7,16,7,19.0,11.0,318,整った装備,
player_sample,残響弓王,1,残響弓王,矢痕読み,109,28,16,8,7,17,19.5,12.0,165,装備なし,
player_sample,残響弓王,1,残響弓王,矢痕読み,109,28,16,8,7,17,19.5,12.0,165,標準装備,
player_sample,残響弓王,1,残響弓王,矢痕読み,109,28,16,8,7,17,19.5,12.0,165,整った装備,
player_sample,星灰大魔導,1,星灰大魔導,灰術士,79,55,6,22,6,9,9.0,26.0,127,装備なし,
player_sample,星灰大魔導,1,星灰大魔導,灰術士,79,55,6,22,6,9,9.0,26.0,127,標準装備,
player_sample,星灰大魔導,1,星灰大魔導,灰術士,79,55,6,22,6,9,9.0,26.0,127,整った装備,
player_sample,巡礼聖祈師,1,巡礼聖祈師,灯守,105,53,7,17,9,9,11.5,21.0,177,装備なし,
player_sample,巡礼聖祈師,1,巡礼聖祈師,灯守,105,53,7,17,9,9,11.5,21.0,177,標準装備,
player_sample,巡礼聖祈師,1,巡礼聖祈師,灯守,105,53,7,17,9,9,11.5,21.0,177,整った装備,
player_sample,影渡りの夜王,1,影渡りの夜王,影足,90,27,13,8,6,22,16.0,12.0,138,装備なし,
player_sample,影渡りの夜王,1,影渡りの夜王,影足,90,27,13,8,6,22,16.0,12.0,138,標準装備,
player_sample,影渡りの夜王,1,影渡りの夜王,影足,90,27,13,8,6,22,16.0,12.0,138,整った装備,
player_sample,深層機工卿,1,深層機工卿,歯車工,118,39,15,15,8,9,19.0,19.0,182,装備なし,
player_sample,深層機工卿,1,深層機工卿,歯車工,118,39,15,15,8,9,19.0,19.0,182,標準装備,
player_sample,深層機工卿,1,深層機工卿,歯車工,118,39,15,15,8,9,19.0,19.0,182,整った装備,
player_sample,灰拳闘王,1,灰拳闘王,勁打者,152,25,21,6,8,12,25.0,10.0,216,装備なし,
player_sample,灰拳闘王,1,灰拳闘王,勁打者,152,25,21,6,8,12,25.0,10.0,216,標準装備,
player_sample,灰拳闘王,1,灰拳闘王,勁打者,152,25,21,6,8,12,25.0,10.0,216,整った装備,
player_sample,星巡の導き手,1,星巡の導き手,繋ぎ手,132,36,13,13,10,13,18.0,17.0,212,装備なし,
player_sample,星巡の導き手,1,星巡の導き手,繋ぎ手,132,36,13,13,10,13,18.0,17.0,212,標準装備,
player_sample,星巡の導き手,1,星巡の導き手,繋ぎ手,132,36,13,13,10,13,18.0,17.0,212,整った装備,
player_sample,剣士,5,剣士,刃走り,169,37,25,14,12,16,31.0,20.0,265,装備なし,
player_sample,剣士,5,剣士,刃走り,199,37,41,14,32,16,57.0,20.0,455,標準装備,
player_sample,剣士,5,剣士,刃走り,169,37,25,14,12,16,31.0,20.0,265,整った装備,
player_sample,重騎士,5,重騎士,城壁番,241,33,19,12,19,9,28.5,18.0,393,装備なし,
player_sample,重騎士,5,重騎士,城壁番,271,33,35,12,39,9,54.5,18.0,583,標準装備,
player_sample,重騎士,5,重騎士,城壁番,241,33,19,12,19,9,28.5,18.0,393,整った装備,
player_sample,狩人,5,狩人,矢痕読み,153,39,23,14,10,19,28.0,20.0,233,装備なし,
player_sample,狩人,5,狩人,矢痕読み,183,39,39,14,30,19,54.0,20.0,423,標準装備,
player_sample,狩人,5,狩人,矢痕読み,153,39,23,14,10,19,28.0,20.0,233,整った装備,
player_sample,魔術師,5,魔術師,灰術士,112,61,10,31,8,13,14.0,37.0,176,装備なし,
player_sample,魔術師,5,魔術師,灰術士,142,61,26,31,28,13,40.0,37.0,366,標準装備,
player_sample,魔術師,5,魔術師,灰術士,112,61,10,31,8,13,14.0,37.0,176,整った装備,
player_sample,祈祷師,5,祈祷師,灯守,152,60,12,25,12,12,18.0,31.0,248,装備なし,
player_sample,祈祷師,5,祈祷師,灯守,182,60,28,25,32,12,44.0,31.0,438,標準装備,
player_sample,祈祷師,5,祈祷師,灯守,152,60,12,25,12,12,18.0,31.0,248,整った装備,
player_sample,斥候,5,斥候,影足,129,37,19,13,7,24,22.5,19.0,185,装備なし,
player_sample,斥候,5,斥候,影足,159,37,35,13,27,24,48.5,19.0,375,標準装備,
player_sample,斥候,5,斥候,影足,129,37,19,13,7,24,22.5,19.0,185,整った装備,
player_sample,機工師,5,機工師,歯車工,160,46,22,22,11,12,27.5,28.0,248,装備なし,
player_sample,機工師,5,機工師,歯車工,190,46,38,22,31,12,53.5,28.0,438,標準装備,
player_sample,機工師,5,機工師,歯車工,160,46,22,22,11,12,27.5,28.0,248,整った装備,
player_sample,格闘士,5,格闘士,勁打者,198,27,29,9,10,16,34.0,15.0,278,装備なし,
player_sample,格闘士,5,格闘士,勁打者,228,27,45,9,30,16,60.0,15.0,468,標準装備,
player_sample,格闘士,5,格闘士,勁打者,198,27,29,9,10,16,34.0,15.0,278,整った装備,
player_sample,巡礼者,5,巡礼者,繋ぎ手,160,40,18,18,12,14,24.0,24.0,256,装備なし,
player_sample,巡礼者,5,巡礼者,繋ぎ手,190,40,34,18,32,14,50.0,24.0,446,標準装備,
player_sample,巡礼者,5,巡礼者,繋ぎ手,160,40,18,18,12,14,24.0,24.0,256,整った装備,
player_sample,黄昏剣聖,5,黄昏剣聖,刃走り,197,39,31,15,13,18,37.5,21.0,301,装備なし,
player_sample,黄昏剣聖,5,黄昏剣聖,刃走り,227,39,47,15,33,18,63.5,21.0,491,標準装備,
player_sample,黄昏剣聖,5,黄昏剣聖,刃走り,197,39,31,15,13,18,37.5,21.0,301,整った装備,
player_sample,白銀城塞騎士,5,白銀城塞騎士,城壁番,304,36,21,14,24,10,33.0,20.0,496,装備なし,
player_sample,白銀城塞騎士,5,白銀城塞騎士,城壁番,334,36,37,14,44,10,59.0,20.0,686,標準装備,
player_sample,白銀城塞騎士,5,白銀城塞騎士,城壁番,304,36,21,14,24,10,33.0,20.0,496,整った装備,
player_sample,残響弓王,5,残響弓王,矢痕読み,175,40,29,15,11,23,34.5,21.0,263,装備なし,
player_sample,残響弓王,5,残響弓王,矢痕読み,205,40,45,15,31,23,60.5,21.0,453,標準装備,
player_sample,残響弓王,5,残響弓王,矢痕読み,175,40,29,15,11,23,34.5,21.0,263,整った装備,
player_sample,星灰大魔導,5,星灰大魔導,灰術士,126,79,11,39,9,13,15.5,45.0,198,装備なし,
player_sample,星灰大魔導,5,星灰大魔導,灰術士,156,79,27,39,29,13,41.5,45.0,388,標準装備,
player_sample,星灰大魔導,5,星灰大魔導,灰術士,126,79,11,39,9,13,15.5,45.0,198,整った装備,
player_sample,巡礼聖祈師,5,巡礼聖祈師,灯守,168,76,13,31,13,13,19.5,37.0,272,装備なし,
player_sample,巡礼聖祈師,5,巡礼聖祈師,灯守,198,76,29,31,33,13,45.5,37.0,462,標準装備,
player_sample,巡礼聖祈師,5,巡礼聖祈師,灯守,168,76,13,31,13,13,19.5,37.0,272,整った装備,
player_sample,影渡りの夜王,5,影渡りの夜王,影足,144,39,24,14,9,31,28.5,20.0,216,装備なし,
player_sample,影渡りの夜王,5,影渡りの夜王,影足,174,39,40,14,29,31,54.5,20.0,406,標準装備,
player_sample,影渡りの夜王,5,影渡りの夜王,影足,144,39,24,14,9,31,28.5,20.0,216,整った装備,
player_sample,深層機工卿,5,深層機工卿,歯車工,188,56,27,27,12,13,33.0,33.0,284,装備なし,
player_sample,深層機工卿,5,深層機工卿,歯車工,218,56,43,27,32,13,59.0,33.0,474,標準装備,
player_sample,深層機工卿,5,深層機工卿,歯車工,188,56,27,27,12,13,33.0,33.0,284,整った装備,
player_sample,灰拳闘王,5,灰拳闘王,勁打者,243,30,37,11,12,17,43.0,17.0,339,装備なし,
player_sample,灰拳闘王,5,灰拳闘王,勁打者,273,30,53,11,32,17,69.0,17.0,529,標準装備,
player_sample,灰拳闘王,5,灰拳闘王,勁打者,243,30,37,11,12,17,43.0,17.0,339,整った装備,
player_sample,星巡の導き手,5,星巡の導き手,繋ぎ手,211,52,23,23,15,18,30.5,29.0,331,装備なし,
player_sample,星巡の導き手,5,星巡の導き手,繋ぎ手,241,52,39,23,35,18,56.5,29.0,521,標準装備,
player_sample,星巡の導き手,5,星巡の導き手,繋ぎ手,211,52,23,23,15,18,30.5,29.0,331,整った装備,
player_sample,剣士,10,剣士,刃走り,248,52,39,22,17,22,47.5,30.5,384,装備なし,
player_sample,剣士,10,剣士,刃走り,278,52,55,22,37,22,73.5,30.5,574,標準装備,
player_sample,剣士,10,剣士,刃走り,248,52,39,22,17,22,47.5,30.5,384,整った装備,
player_sample,重騎士,10,重騎士,城壁番,355,47,29,19,27,13,42.5,27.5,571,装備なし,
player_sample,重騎士,10,重騎士,城壁番,385,47,45,19,47,13,68.5,27.5,761,標準装備,
player_sample,重騎士,10,重騎士,城壁番,355,47,29,19,27,13,42.5,27.5,571,整った装備,
player_sample,狩人,10,狩人,矢痕読み,225,54,36,22,14,26,43.0,30.5,337,装備なし,
player_sample,狩人,10,狩人,矢痕読み,255,54,52,22,34,26,69.0,30.5,527,標準装備,
player_sample,狩人,10,狩人,矢痕読み,225,54,36,22,14,26,43.0,30.5,337,整った装備,
player_sample,魔術師,10,魔術師,灰術士,164,86,16,48,11,18,21.5,56.5,252,装備なし,
player_sample,魔術師,10,魔術師,灰術士,194,86,32,48,31,18,47.5,56.5,442,標準装備,
player_sample,魔術師,10,魔術師,灰術士,164,86,16,48,11,18,21.5,56.5,252,整った装備,
player_sample,祈祷師,10,祈祷師,灯守,223,84,18,39,17,16,26.5,47.5,359,装備なし,
player_sample,祈祷師,10,祈祷師,灯守,253,84,34,39,37,16,52.5,47.5,549,標準装備,
player_sample,祈祷師,10,祈祷師,灯守,223,84,18,39,17,16,26.5,47.5,359,整った装備,
player_sample,斥候,10,斥候,影足,190,52,30,20,11,33,35.5,28.5,278,装備なし,
player_sample,斥候,10,斥候,影足,220,52,46,20,31,33,61.5,28.5,468,標準装備,
player_sample,斥候,10,斥候,影足,190,52,30,20,11,33,35.5,28.5,278,整った装備,
player_sample,機工師,10,機工師,歯車工,235,65,34,34,15,17,41.5,42.5,355,装備なし,
player_sample,機工師,10,機工師,歯車工,265,65,50,34,35,17,67.5,42.5,545,標準装備,
player_sample,機工師,10,機工師,歯車工,235,65,34,34,15,17,41.5,42.5,355,整った装備,
player_sample,格闘士,10,格闘士,勁打者,291,38,45,15,15,21,52.5,23.5,411,装備なし,
player_sample,格闘士,10,格闘士,勁打者,321,38,61,15,35,21,78.5,23.5,601,標準装備,
player_sample,格闘士,10,格闘士,勁打者,291,38,45,15,15,21,52.5,23.5,411,整った装備,
player_sample,巡礼者,10,巡礼者,繋ぎ手,235,56,28,28,17,19,36.5,36.5,371,装備なし,
player_sample,巡礼者,10,巡礼者,繋ぎ手,265,56,44,28,37,19,62.5,36.5,561,標準装備,
player_sample,巡礼者,10,巡礼者,繋ぎ手,235,56,28,28,17,19,36.5,36.5,371,整った装備,
player_sample,黄昏剣聖,10,黄昏剣聖,刃走り,290,55,49,24,19,24,58.5,32.5,442,装備なし,
player_sample,黄昏剣聖,10,黄昏剣聖,刃走り,320,55,65,24,39,24,84.5,32.5,632,標準装備,
player_sample,黄昏剣聖,10,黄昏剣聖,刃走り,290,55,49,24,19,24,58.5,32.5,442,整った装備,
player_sample,白銀城塞騎士,10,白銀城塞騎士,城壁番,447,51,33,21,35,14,50.5,29.5,727,装備なし,
player_sample,白銀城塞騎士,10,白銀城塞騎士,城壁番,477,51,49,21,55,14,76.5,29.5,917,標準装備,
player_sample,白銀城塞騎士,10,白銀城塞騎士,城壁番,447,51,33,21,35,14,50.5,29.5,727,整った装備,
player_sample,残響弓王,10,残響弓王,矢痕読み,257,57,45,24,16,32,53.0,32.5,385,装備なし,
player_sample,残響弓王,10,残響弓王,矢痕読み,287,57,61,24,36,32,79.0,32.5,575,標準装備,
player_sample,残響弓王,10,残響弓王,矢痕読み,257,57,45,24,16,32,53.0,32.5,385,整った装備,
player_sample,星灰大魔導,10,星灰大魔導,灰術士,186,111,18,62,13,18,24.5,70.5,290,装備なし,
player_sample,星灰大魔導,10,星灰大魔導,灰術士,216,111,34,62,33,18,50.5,70.5,480,標準装備,
player_sample,星灰大魔導,10,星灰大魔導,灰術士,186,111,18,62,13,18,24.5,70.5,290,整った装備,
player_sample,巡礼聖祈師,10,巡礼聖祈師,灯守,246,107,21,49,19,17,30.5,57.5,398,装備なし,
player_sample,巡礼聖祈師,10,巡礼聖祈師,灯守,276,107,37,49,39,17,56.5,57.5,588,標準装備,
player_sample,巡礼聖祈師,10,巡礼聖祈師,灯守,246,107,21,49,19,17,30.5,57.5,398,整った装備,
player_sample,影渡りの夜王,10,影渡りの夜王,影足,211,55,38,23,13,42,44.5,31.5,315,装備なし,
player_sample,影渡りの夜王,10,影渡りの夜王,影足,241,55,54,23,33,42,70.5,31.5,505,標準装備,
player_sample,影渡りの夜王,10,影渡りの夜王,影足,211,55,38,23,13,42,44.5,31.5,315,整った装備,
player_sample,深層機工卿,10,深層機工卿,歯車工,277,78,42,42,17,18,50.5,50.5,413,装備なし,
player_sample,深層機工卿,10,深層機工卿,歯車工,307,78,58,42,37,18,76.5,50.5,603,標準装備,
player_sample,深層機工卿,10,深層機工卿,歯車工,277,78,42,42,17,18,50.5,50.5,413,整った装備,
player_sample,灰拳闘王,10,灰拳闘王,勁打者,357,43,58,17,17,23,66.5,25.5,493,装備なし,
player_sample,灰拳闘王,10,灰拳闘王,勁打者,387,43,74,17,37,23,92.5,25.5,683,標準装備,
player_sample,灰拳闘王,10,灰拳闘王,勁打者,357,43,58,17,17,23,66.5,25.5,493,整った装備,
player_sample,星巡の導き手,10,星巡の導き手,繋ぎ手,310,73,36,36,22,25,47.0,44.5,486,装備なし,
player_sample,星巡の導き手,10,星巡の導き手,繋ぎ手,340,73,52,36,42,25,73.0,44.5,676,標準装備,
player_sample,星巡の導き手,10,星巡の導き手,繋ぎ手,310,73,36,36,22,25,47.0,44.5,486,整った装備,
player_sample,剣士,20,剣士,刃走り,407,83,67,37,27,33,80.5,50.5,623,装備なし,
player_sample,剣士,20,剣士,刃走り,437,83,91,37,57,33,119.5,50.5,893,標準装備,
player_sample,剣士,20,剣士,刃走り,437,83,91,37,57,33,119.5,50.5,893,整った装備,
player_sample,重騎士,20,重騎士,城壁番,582,76,50,34,43,20,71.5,47.5,926,装備なし,
player_sample,重騎士,20,重騎士,城壁番,612,76,74,34,73,20,110.5,47.5,1196,標準装備,
player_sample,重騎士,20,重騎士,城壁番,612,76,74,34,73,20,110.5,47.5,1196,整った装備,
player_sample,狩人,20,狩人,矢痕読み,369,88,62,37,23,39,73.5,50.5,553,装備なし,
player_sample,狩人,20,狩人,矢痕読み,399,88,86,37,53,39,112.5,50.5,823,標準装備,
player_sample,狩人,20,狩人,矢痕読み,399,88,86,37,53,39,112.5,50.5,823,整った装備,
player_sample,魔術師,20,魔術師,灰術士,270,138,28,83,18,27,37.0,96.5,414,装備なし,
player_sample,魔術師,20,魔術師,灰術士,300,138,52,83,48,27,76.0,96.5,684,標準装備,
player_sample,魔術師,20,魔術師,灰術士,300,138,52,83,48,27,76.0,96.5,684,整った装備,
player_sample,祈祷師,20,祈祷師,灯守,365,135,32,67,27,25,45.5,80.5,581,装備なし,
player_sample,祈祷師,20,祈祷師,灯守,395,135,56,67,57,25,84.5,80.5,851,標準装備,
player_sample,祈祷師,20,祈祷師,灯守,395,135,56,67,57,25,84.5,80.5,851,整った装備,
player_sample,斥候,20,斥候,影足,311,83,52,35,17,51,60.5,48.5,447,装備なし,
player_sample,斥候,20,斥候,影足,341,83,76,35,47,51,99.5,48.5,717,標準装備,
player_sample,斥候,20,斥候,影足,341,83,76,35,47,51,99.5,48.5,717,整った装備,
player_sample,機工師,20,機工師,歯車工,385,104,59,59,25,26,71.5,72.5,585,装備なし,
player_sample,機工師,20,機工師,歯車工,415,104,83,59,55,26,110.5,72.5,855,標準装備,
player_sample,機工師,20,機工師,歯車工,415,104,83,59,55,26,110.5,72.5,855,整った装備,
player_sample,格闘士,20,格闘士,勁打者,477,61,78,26,23,33,89.5,39.5,661,装備なし,
player_sample,格闘士,20,格闘士,勁打者,507,61,102,26,53,33,128.5,39.5,931,標準装備,
player_sample,格闘士,20,格闘士,勁打者,507,61,102,26,53,33,128.5,39.5,931,整った装備,
player_sample,巡礼者,20,巡礼者,繋ぎ手,385,90,48,48,27,29,61.5,61.5,601,装備なし,
player_sample,巡礼者,20,巡礼者,繋ぎ手,415,90,72,48,57,29,100.5,61.5,871,標準装備,
player_sample,巡礼者,20,巡礼者,繋ぎ手,415,90,72,48,57,29,100.5,61.5,871,整った装備,
player_sample,黄昏剣聖,20,黄昏剣聖,刃走り,475,89,84,41,30,37,99.0,54.5,715,装備なし,
player_sample,黄昏剣聖,20,黄昏剣聖,刃走り,505,89,108,41,60,37,138.0,54.5,985,標準装備,
player_sample,黄昏剣聖,20,黄昏剣聖,刃走り,505,89,108,41,60,37,138.0,54.5,985,整った装備,
player_sample,白銀城塞騎士,20,白銀城塞騎士,城壁番,733,82,57,37,55,21,84.5,50.5,1173,装備なし,
player_sample,白銀城塞騎士,20,白銀城塞騎士,城壁番,763,82,81,37,85,21,123.5,50.5,1443,標準装備,
player_sample,白銀城塞騎士,20,白銀城塞騎士,城壁番,763,82,81,37,85,21,123.5,50.5,1443,整った装備,
player_sample,残響弓王,20,残響弓王,矢痕読み,422,91,78,41,26,49,91.0,54.5,630,装備なし,
player_sample,残響弓王,20,残響弓王,矢痕読み,452,91,102,41,56,49,130.0,54.5,900,標準装備,
player_sample,残響弓王,20,残響弓王,矢痕読み,452,91,102,41,56,49,130.0,54.5,900,整った装備,
player_sample,星灰大魔導,20,星灰大魔導,灰術士,304,179,31,106,21,28,41.5,119.5,472,装備なし,
player_sample,星灰大魔導,20,星灰大魔導,灰術士,334,179,55,106,51,28,80.5,119.5,742,標準装備,
player_sample,星灰大魔導,20,星灰大魔導,灰術士,334,179,55,106,51,28,80.5,119.5,742,整った装備,
player_sample,巡礼聖祈師,20,巡礼聖祈師,灯守,404,172,36,84,30,26,51.0,97.5,644,装備なし,
player_sample,巡礼聖祈師,20,巡礼聖祈師,灯守,434,172,60,84,60,26,90.0,97.5,914,標準装備,
player_sample,巡礼聖祈師,20,巡礼聖祈師,灯守,434,172,60,84,60,26,90.0,97.5,914,整った装備,
player_sample,影渡りの夜王,20,影渡りの夜王,影足,347,89,65,39,21,65,75.5,52.5,515,装備なし,
player_sample,影渡りの夜王,20,影渡りの夜王,影足,377,89,89,39,51,65,114.5,52.5,785,標準装備,
player_sample,影渡りの夜王,20,影渡りの夜王,影足,377,89,89,39,51,65,114.5,52.5,785,整った装備,
player_sample,深層機工卿,20,深層機工卿,歯車工,454,126,72,72,28,28,86.0,85.5,678,装備なし,
player_sample,深層機工卿,20,深層機工卿,歯車工,484,126,96,72,58,28,125.0,85.5,948,標準装備,
player_sample,深層機工卿,20,深層機工卿,歯車工,484,126,96,72,58,28,125.0,85.5,948,整った装備,
player_sample,灰拳闘王,20,灰拳闘王,勁打者,586,69,100,29,27,36,113.5,42.5,802,装備なし,
player_sample,灰拳闘王,20,灰拳闘王,勁打者,616,69,124,29,57,36,152.5,42.5,1072,標準装備,
player_sample,灰拳闘王,20,灰拳闘王,勁打者,616,69,124,29,57,36,152.5,42.5,1072,整った装備,
player_sample,星巡の導き手,20,星巡の導き手,繋ぎ手,508,118,63,63,35,38,80.5,76.5,788,装備なし,
player_sample,星巡の導き手,20,星巡の導き手,繋ぎ手,538,118,87,63,65,38,119.5,76.5,1058,標準装備,
player_sample,星巡の導き手,20,星巡の導き手,繋ぎ手,538,118,87,63,65,38,119.5,76.5,1058,整った装備,
player_sample,剣士,30,剣士,刃走り,566,117,95,53,37,45,113.5,71.5,862,装備なし,
player_sample,剣士,30,剣士,刃走り,596,117,119,53,67,45,152.5,71.5,1132,標準装備,
player_sample,剣士,30,剣士,刃走り,596,117,119,53,67,45,152.5,71.5,1132,整った装備,
player_sample,重騎士,30,重騎士,城壁番,808,106,71,48,60,27,101.0,66.5,1288,装備なし,
player_sample,重騎士,30,重騎士,城壁番,838,106,95,48,90,27,140.0,66.5,1558,標準装備,
player_sample,重騎士,30,重騎士,城壁番,838,106,95,48,90,27,140.0,66.5,1558,整った装備,
player_sample,狩人,30,狩人,矢痕読み,513,123,88,53,32,53,104.0,71.5,769,装備なし,
player_sample,狩人,30,狩人,矢痕読み,543,123,112,53,62,53,143.0,71.5,1039,標準装備,
player_sample,狩人,30,狩人,矢痕読み,543,123,112,53,62,53,143.0,71.5,1039,整った装備,
player_sample,魔術師,30,魔術師,灰術士,375,193,39,118,25,37,51.5,136.5,575,装備なし,
player_sample,魔術師,30,魔術師,灰術士,405,193,63,118,55,37,90.5,136.5,845,標準装備,
player_sample,魔術師,30,魔術師,灰術士,405,193,63,118,55,37,90.5,136.5,845,整った装備,
player_sample,祈祷師,30,祈祷師,灯守,508,189,46,95,37,34,64.5,113.5,804,装備なし,
player_sample,祈祷師,30,祈祷師,灯守,538,189,70,95,67,34,103.5,113.5,1074,標準装備,
player_sample,祈祷師,30,祈祷師,灯守,538,189,70,95,67,34,103.5,113.5,1074,整った装備,
player_sample,斥候,30,斥候,影足,433,117,74,49,24,68,86.0,67.5,625,装備なし,
player_sample,斥候,30,斥候,影足,463,117,98,49,54,68,125.0,67.5,895,標準装備,
player_sample,斥候,30,斥候,影足,463,117,98,49,54,68,125.0,67.5,895,整った装備,
player_sample,機工師,30,機工師,歯車工,535,146,83,83,34,35,100.0,101.5,807,装備なし,
player_sample,機工師,30,機工師,歯車工,565,146,107,83,64,35,139.0,101.5,1077,標準装備,
player_sample,機工師,30,機工師,歯車工,565,146,107,83,64,35,139.0,101.5,1077,整った装備,
player_sample,格闘士,30,格闘士,勁打者,662,86,110,37,32,44,126.0,55.5,918,装備なし,
player_sample,格闘士,30,格闘士,勁打者,692,86,134,37,62,44,165.0,55.5,1188,標準装備,
player_sample,格闘士,30,格闘士,勁打者,692,86,134,37,62,44,165.0,55.5,1188,整った装備,
player_sample,巡礼者,30,巡礼者,繋ぎ手,535,126,68,68,37,39,86.5,86.5,831,装備なし,
player_sample,巡礼者,30,巡礼者,繋ぎ手,565,126,92,68,67,39,125.5,86.5,1101,標準装備,
player_sample,巡礼者,30,巡礼者,繋ぎ手,565,126,92,68,67,39,125.5,86.5,1101,整った装備,
player_sample,黄昏剣聖,30,黄昏剣聖,刃走り,660,125,120,58,41,50,140.5,76.5,988,装備なし,
player_sample,黄昏剣聖,30,黄昏剣聖,刃走り,690,125,144,58,71,50,179.5,76.5,1258,標準装備,
player_sample,黄昏剣聖,30,黄昏剣聖,刃走り,690,125,144,58,71,50,179.5,76.5,1258,整った装備,
player_sample,白銀城塞騎士,30,白銀城塞騎士,城壁番,1018,114,81,52,76,28,119.0,70.5,1626,装備なし,
player_sample,白銀城塞騎士,30,白銀城塞騎士,城壁番,1048,114,105,52,106,28,158.0,70.5,1896,標準装備,
player_sample,白銀城塞騎士,30,白銀城塞騎士,城壁番,1048,114,105,52,106,28,158.0,70.5,1896,整った装備,
player_sample,残響弓王,30,残響弓王,矢痕読み,587,128,110,58,35,66,127.5,76.5,867,装備なし,
player_sample,残響弓王,30,残響弓王,矢痕読み,617,128,134,58,65,66,166.5,76.5,1137,標準装備,
player_sample,残響弓王,30,残響弓王,矢痕読み,617,128,134,58,65,66,166.5,76.5,1137,整った装備,
player_sample,星灰大魔導,30,星灰大魔導,灰術士,423,251,44,150,29,38,58.5,168.5,655,装備なし,
player_sample,星灰大魔導,30,星灰大魔導,灰術士,453,251,68,150,59,38,97.5,168.5,925,標準装備,
player_sample,星灰大魔導,30,星灰大魔導,灰術士,453,251,68,150,59,38,97.5,168.5,925,整った装備,
player_sample,巡礼聖祈師,30,巡礼聖祈師,灯守,561,241,52,120,42,36,73.0,138.5,897,装備なし,
player_sample,巡礼聖祈師,30,巡礼聖祈師,灯守,591,241,76,120,72,36,112.0,138.5,1167,標準装備,
player_sample,巡礼聖祈師,30,巡礼聖祈師,灯守,591,241,76,120,72,36,112.0,138.5,1167,整った装備,
player_sample,影渡りの夜王,30,影渡りの夜王,影足,482,125,92,56,29,88,106.5,74.5,714,装備なし,
player_sample,影渡りの夜王,30,影渡りの夜王,影足,512,125,116,56,59,88,145.5,74.5,984,標準装備,
player_sample,影渡りの夜王,30,影渡りの夜王,影足,512,125,116,56,59,88,145.5,74.5,984,整った装備,
player_sample,深層機工卿,30,深層機工卿,歯車工,631,176,103,103,39,38,122.5,121.5,943,装備なし,
player_sample,深層機工卿,30,深層機工卿,歯車工,661,176,127,103,69,38,161.5,121.5,1213,標準装備,
player_sample,深層機工卿,30,深層機工卿,歯車工,661,176,127,103,69,38,161.5,121.5,1213,整った装備,
player_sample,灰拳闘王,30,灰拳闘王,勁打者,814,97,142,41,37,48,160.5,59.5,1110,装備なし,
player_sample,灰拳闘王,30,灰拳闘王,勁打者,844,97,166,41,67,48,199.5,59.5,1380,標準装備,
player_sample,灰拳闘王,30,灰拳闘王,勁打者,844,97,166,41,67,48,199.5,59.5,1380,整った装備,
player_sample,星巡の導き手,30,星巡の導き手,繋ぎ手,706,166,89,89,48,51,113.0,107.5,1090,装備なし,
player_sample,星巡の導き手,30,星巡の導き手,繋ぎ手,736,166,113,89,78,51,152.0,107.5,1360,標準装備,
player_sample,星巡の導き手,30,星巡の導き手,繋ぎ手,736,166,113,89,78,51,152.0,107.5,1360,整った装備,
player_sample,剣士,40,剣士,刃走り,725,151,123,69,47,56,146.5,92.5,1101,装備なし,
player_sample,剣士,40,剣士,刃走り,755,151,147,69,77,56,185.5,92.5,1371,標準装備,
player_sample,剣士,40,剣士,刃走り,755,151,151,83,85,56,193.5,106.5,1435,整った装備,
player_sample,重騎士,40,重騎士,城壁番,1035,137,93,62,76,34,131.0,85.5,1643,装備なし,
player_sample,重騎士,40,重騎士,城壁番,1065,137,117,62,106,34,170.0,85.5,1913,標準装備,
player_sample,重騎士,40,重騎士,城壁番,1065,137,121,76,114,34,178.0,99.5,1977,整った装備,
player_sample,狩人,40,狩人,矢痕読み,657,159,114,69,41,67,134.5,92.5,985,装備なし,
player_sample,狩人,40,狩人,矢痕読み,687,159,138,69,71,67,173.5,92.5,1255,標準装備,
player_sample,狩人,40,狩人,矢痕読み,687,159,142,83,79,67,181.5,106.5,1319,整った装備,
player_sample,魔術師,40,魔術師,灰術士,480,250,51,153,32,47,67.0,176.5,736,装備なし,
player_sample,魔術師,40,魔術師,灰術士,510,250,75,153,62,47,106.0,176.5,1006,標準装備,
player_sample,魔術師,40,魔術師,灰術士,510,250,79,167,70,47,114.0,190.5,1070,整った装備,
player_sample,祈祷師,40,祈祷師,灯守,650,245,59,123,47,42,82.5,146.5,1026,装備なし,
player_sample,祈祷師,40,祈祷師,灯守,680,245,83,123,77,42,121.5,146.5,1296,標準装備,
player_sample,祈祷師,40,祈祷師,灯守,680,245,87,137,85,42,129.5,160.5,1360,整った装備,
player_sample,斥候,40,斥候,影足,554,151,97,64,31,86,112.5,87.5,802,装備なし,
player_sample,斥候,40,斥候,影足,584,151,121,64,61,86,151.5,87.5,1072,標準装備,
player_sample,斥候,40,斥候,影足,584,151,125,78,69,86,159.5,101.5,1136,整った装備,
player_sample,機工師,40,機工師,歯車工,685,190,108,108,43,44,129.5,131.5,1029,装備なし,
player_sample,機工師,40,機工師,歯車工,715,190,132,108,73,44,168.5,131.5,1299,標準装備,
player_sample,機工師,40,機工師,歯車工,715,190,136,122,81,44,176.5,145.5,1363,整った装備,
player_sample,格闘士,40,格闘士,勁打者,848,111,143,48,41,56,163.5,71.5,1176,装備なし,
player_sample,格闘士,40,格闘士,勁打者,878,111,167,48,71,56,202.5,71.5,1446,標準装備,
player_sample,格闘士,40,格闘士,勁打者,878,111,171,62,79,56,210.5,85.5,1510,整った装備,
player_sample,巡礼者,40,巡礼者,繋ぎ手,685,163,88,88,47,49,111.5,111.5,1061,装備なし,
player_sample,巡礼者,40,巡礼者,繋ぎ手,715,163,112,88,77,49,150.5,111.5,1331,標準装備,
player_sample,巡礼者,40,巡礼者,繋ぎ手,715,163,116,102,85,49,158.5,125.5,1395,整った装備,
player_sample,黄昏剣聖,40,黄昏剣聖,刃走り,845,162,155,76,53,63,181.5,99.5,1269,装備なし,
player_sample,黄昏剣聖,40,黄昏剣聖,刃走り,875,162,179,76,83,63,220.5,99.5,1539,標準装備,
player_sample,黄昏剣聖,40,黄昏剣聖,刃走り,875,162,183,90,91,63,228.5,113.5,1603,整った装備,
player_sample,白銀城塞騎士,40,白銀城塞騎士,城壁番,1304,148,105,68,97,36,153.5,91.5,2080,装備なし,
player_sample,白銀城塞騎士,40,白銀城塞騎士,城壁番,1334,148,129,68,127,36,192.5,91.5,2350,標準装備,
player_sample,白銀城塞騎士,40,白銀城塞騎士,城壁番,1334,148,133,82,135,36,200.5,105.5,2414,整った装備,
player_sample,残響弓王,40,残響弓王,矢痕読み,751,166,143,76,45,83,165.5,99.5,1111,装備なし,
player_sample,残響弓王,40,残響弓王,矢痕読み,781,166,167,76,75,83,204.5,99.5,1381,標準装備,
player_sample,残響弓王,40,残響弓王,矢痕読み,781,166,171,90,83,83,212.5,113.5,1445,整った装備,
player_sample,星灰大魔導,40,星灰大魔導,灰術士,542,325,57,195,37,48,75.5,218.5,838,装備なし,
player_sample,星灰大魔導,40,星灰大魔導,灰術士,572,325,81,195,67,48,114.5,218.5,1108,標準装備,
player_sample,星灰大魔導,40,星灰大魔導,灰術士,572,325,85,209,75,48,122.5,232.5,1172,整った装備,
player_sample,巡礼聖祈師,40,巡礼聖祈師,灯守,719,312,67,155,53,45,93.5,178.5,1143,装備なし,
player_sample,巡礼聖祈師,40,巡礼聖祈師,灯守,749,312,91,155,83,45,132.5,178.5,1413,標準装備,
player_sample,巡礼聖祈師,40,巡礼聖祈師,灯守,749,312,95,169,91,45,140.5,192.5,1477,整った装備,
player_sample,影渡りの夜王,40,影渡りの夜王,影足,617,162,120,72,38,110,139.0,95.5,921,装備なし,
player_sample,影渡りの夜王,40,影渡りの夜王,影足,647,162,144,72,68,110,178.0,95.5,1191,標準装備,
player_sample,影渡りの夜王,40,影渡りの夜王,影足,647,162,148,86,76,110,186.0,109.5,1255,整った装備,
player_sample,深層機工卿,40,深層機工卿,歯車工,808,228,133,133,49,47,157.5,156.5,1200,装備なし,
player_sample,深層機工卿,40,深層機工卿,歯車工,838,228,157,133,79,47,196.5,156.5,1470,標準装備,
player_sample,深層機工卿,40,深層機工卿,歯車工,838,228,161,147,87,47,204.5,170.5,1534,整った装備,
player_sample,灰拳闘王,40,灰拳闘王,勁打者,1042,126,184,54,47,61,207.5,77.5,1418,装備なし,
player_sample,灰拳闘王,40,灰拳闘王,勁打者,1072,126,208,54,77,61,246.5,77.5,1688,標準装備,
player_sample,灰拳闘王,40,灰拳闘王,勁打者,1072,126,212,68,85,61,254.5,91.5,1752,整った装備,
player_sample,星巡の導き手,40,星巡の導き手,繋ぎ手,904,215,116,116,62,64,147.0,139.5,1400,装備なし,
player_sample,星巡の導き手,40,星巡の導き手,繋ぎ手,934,215,140,116,92,64,186.0,139.5,1670,標準装備,
player_sample,星巡の導き手,40,星巡の導き手,繋ぎ手,934,215,144,130,100,64,194.0,153.5,1734,整った装備,
player_sample,剣士,50,剣士,刃走り,883,188,151,85,57,68,179.5,113.5,1339,装備なし,
player_sample,剣士,50,剣士,刃走り,913,188,175,85,87,68,218.5,113.5,1609,標準装備,
player_sample,剣士,50,剣士,刃走り,913,188,179,99,95,68,226.5,127.5,1673,整った装備,
player_sample,重騎士,50,重騎士,城壁番,1262,171,114,76,92,41,160.0,104.5,1998,装備なし,
player_sample,重騎士,50,重騎士,城壁番,1292,171,138,76,122,41,199.0,104.5,2268,標準装備,
player_sample,重騎士,50,重騎士,城壁番,1292,171,142,90,130,41,207.0,118.5,2332,整った装備,
player_sample,狩人,50,狩人,矢痕読み,801,198,140,85,49,81,164.5,113.5,1193,装備なし,
player_sample,狩人,50,狩人,矢痕読み,831,198,164,85,79,81,203.5,113.5,1463,標準装備,
player_sample,狩人,50,狩人,矢痕読み,831,198,168,99,87,81,211.5,127.5,1527,整った装備,
player_sample,魔術師,50,魔術師,灰術士,586,312,63,187,40,56,83.0,215.5,906,装備なし,
player_sample,魔術師,50,魔術師,灰術士,616,312,87,187,70,56,122.0,215.5,1176,標準装備,
player_sample,魔術師,50,魔術師,灰術士,616,312,91,201,78,56,130.0,229.5,1240,整った装備,
player_sample,祈祷師,50,祈祷師,灯守,793,305,73,151,58,51,102.0,179.5,1257,装備なし,
player_sample,祈祷師,50,祈祷師,灯守,823,305,97,151,88,51,141.0,179.5,1527,標準装備,
player_sample,祈祷師,50,祈祷師,灯守,823,305,101,165,96,51,149.0,193.5,1591,整った装備,
player_sample,斥候,50,斥候,影足,676,188,119,79,37,104,137.5,107.5,972,装備なし,
player_sample,斥候,50,斥候,影足,706,188,143,79,67,104,176.5,107.5,1242,標準装備,
player_sample,斥候,50,斥候,影足,706,188,147,93,75,104,184.5,121.5,1306,整った装備,
player_sample,機工師,50,機工師,歯車工,835,236,133,133,53,53,159.5,161.5,1259,装備なし,
player_sample,機工師,50,機工師,歯車工,865,236,157,133,83,53,198.5,161.5,1529,標準装備,
player_sample,機工師,50,機工師,歯車工,865,236,161,147,91,53,206.5,175.5,1593,整った装備,
player_sample,格闘士,50,格闘士,勁打者,1034,139,175,58,50,67,200.0,86.5,1434,装備なし,
player_sample,格闘士,50,格闘士,勁打者,1064,139,199,58,80,67,239.0,86.5,1704,標準装備,
player_sample,格闘士,50,格闘士,勁打者,1064,139,203,72,88,67,247.0,100.5,1768,整った装備,
player_sample,巡礼者,50,巡礼者,繋ぎ手,835,203,108,108,57,59,136.5,136.5,1291,装備なし,
player_sample,巡礼者,50,巡礼者,繋ぎ手,865,203,132,108,87,59,175.5,136.5,1561,標準装備,
player_sample,巡礼者,50,巡礼者,繋ぎ手,865,203,136,122,95,59,183.5,150.5,1625,整った装備,
player_sample,黄昏剣聖,50,黄昏剣聖,刃走り,1031,202,191,93,64,76,223.0,121.5,1543,装備なし,
player_sample,黄昏剣聖,50,黄昏剣聖,刃走り,1061,202,215,93,94,76,262.0,121.5,1813,標準装備,
player_sample,黄昏剣聖,50,黄昏剣聖,刃走り,1061,202,219,107,102,76,270.0,135.5,1877,整った装備,
player_sample,白銀城塞騎士,50,白銀城塞騎士,城壁番,1589,185,129,84,117,43,187.5,112.5,2525,装備なし,
player_sample,白銀城塞騎士,50,白銀城塞騎士,城壁番,1619,185,153,84,147,43,226.5,112.5,2795,標準装備,
player_sample,白銀城塞騎士,50,白銀城塞騎士,城壁番,1619,185,157,98,155,43,234.5,126.5,2859,整った装備,
player_sample,残響弓王,50,残響弓王,矢痕読み,916,207,175,93,55,100,202.5,121.5,1356,装備なし,
player_sample,残響弓王,50,残響弓王,矢痕読み,946,207,199,93,85,100,241.5,121.5,1626,標準装備,
player_sample,残響弓王,50,残響弓王,矢痕読み,946,207,203,107,93,100,249.5,135.5,1690,整った装備,
player_sample,星灰大魔導,50,星灰大魔導,灰術士,661,404,69,239,45,58,91.5,267.5,1021,装備なし,
player_sample,星灰大魔導,50,星灰大魔導,灰術士,691,404,93,239,75,58,130.5,267.5,1291,標準装備,
player_sample,星灰大魔導,50,星灰大魔導,灰術士,691,404,97,253,83,58,138.5,281.5,1355,整った装備,
player_sample,巡礼聖祈師,50,巡礼聖祈師,灯守,876,388,83,191,65,54,115.5,219.5,1396,装備なし,
player_sample,巡礼聖祈師,50,巡礼聖祈師,灯守,906,388,107,191,95,54,154.5,219.5,1666,標準装備,
player_sample,巡礼聖祈師,50,巡礼聖祈師,灯守,906,388,111,205,103,54,162.5,233.5,1730,整った装備,
player_sample,影渡りの夜王,50,影渡りの夜王,影足,752,202,147,89,46,133,170.0,117.5,1120,装備なし,
player_sample,影渡りの夜王,50,影渡りの夜王,影足,782,202,171,89,76,133,209.0,117.5,1390,標準装備,
player_sample,影渡りの夜王,50,影渡りの夜王,影足,782,202,175,103,84,133,217.0,131.5,1454,整った装備,
player_sample,深層機工卿,50,深層機工卿,歯車工,985,285,163,163,60,57,193.0,191.5,1465,装備なし,
player_sample,深層機工卿,50,深層機工卿,歯車工,1015,285,187,163,90,57,232.0,191.5,1735,標準装備,
player_sample,深層機工卿,50,深層機工卿,歯車工,1015,285,191,177,98,57,240.0,205.5,1799,整った装備,
player_sample,灰拳闘王,50,灰拳闘王,勁打者,1271,157,226,66,57,73,254.5,94.5,1727,装備なし,
player_sample,灰拳闘王,50,灰拳闘王,勁打者,1301,157,250,66,87,73,293.5,94.5,1997,標準装備,
player_sample,灰拳闘王,50,灰拳闘王,勁打者,1301,157,254,80,95,73,301.5,108.5,2061,整った装備,
player_sample,星巡の導き手,50,星巡の導き手,繋ぎ手,1102,267,142,142,75,77,179.5,170.5,1702,装備なし,
player_sample,星巡の導き手,50,星巡の導き手,繋ぎ手,1132,267,166,142,105,77,218.5,170.5,1972,標準装備,
player_sample,星巡の導き手,50,星巡の導き手,繋ぎ手,1132,267,170,156,113,77,226.5,184.5,2036,整った装備,
player_sample,剣士,55,剣士,刃走り,963,208,165,92,62,74,196.0,123.0,1459,装備なし,
player_sample,剣士,55,剣士,刃走り,993,208,189,92,92,74,235.0,123.0,1729,標準装備,
player_sample,剣士,55,剣士,刃走り,993,208,193,106,100,74,243.0,137.0,1793,整った装備,
player_sample,重騎士,55,重騎士,城壁番,1375,189,124,84,100,44,174.0,115.0,2175,装備なし,
player_sample,重騎士,55,重騎士,城壁番,1405,189,148,84,130,44,213.0,115.0,2445,標準装備,
player_sample,重騎士,55,重騎士,城壁番,1405,189,152,98,138,44,221.0,129.0,2509,整った装備,
player_sample,狩人,55,狩人,矢痕読み,873,219,153,92,54,88,180.0,123.0,1305,装備なし,
player_sample,狩人,55,狩人,矢痕読み,903,219,177,92,84,88,219.0,123.0,1575,標準装備,
player_sample,狩人,55,狩人,矢痕読み,903,219,181,106,92,88,227.0,137.0,1639,整った装備,
player_sample,魔術師,55,魔術師,灰術士,638,344,69,205,43,61,90.5,236.0,982,装備なし,
player_sample,魔術師,55,魔術師,灰術士,668,344,93,205,73,61,129.5,236.0,1252,標準装備,
player_sample,魔術師,55,魔術師,灰術士,668,344,97,219,81,61,137.5,250.0,1316,整った装備,
player_sample,祈祷師,55,祈祷師,灯守,864,337,79,165,63,55,110.5,196.0,1368,装備なし,
player_sample,祈祷師,55,祈祷師,灯守,894,337,103,165,93,55,149.5,196.0,1638,標準装備,
player_sample,祈祷師,55,祈祷師,灯守,894,337,107,179,101,55,157.5,210.0,1702,整った装備,
player_sample,斥候,55,斥候,影足,736,208,130,86,40,113,150.0,117.0,1056,装備なし,
player_sample,斥候,55,斥候,影足,766,208,154,86,70,113,189.0,117.0,1326,標準装備,
player_sample,斥候,55,斥候,影足,766,208,158,100,78,113,197.0,131.0,1390,整った装備,
player_sample,機工師,55,機工師,歯車工,910,261,145,145,57,57,173.5,176.0,1366,装備なし,
player_sample,機工師,55,機工師,歯車工,940,261,169,145,87,57,212.5,176.0,1636,標準装備,
player_sample,機工師,55,機工師,歯車工,940,261,173,159,95,57,220.5,190.0,1700,整った装備,
player_sample,格闘士,55,格闘士,勁打者,1127,153,192,64,54,73,219.0,95.0,1559,装備なし,
player_sample,格闘士,55,格闘士,勁打者,1157,153,216,64,84,73,258.0,95.0,1829,標準装備,
player_sample,格闘士,55,格闘士,勁打者,1157,153,220,78,92,73,266.0,109.0,1893,整った装備,
player_sample,巡礼者,55,巡礼者,繋ぎ手,910,224,118,118,62,64,149.0,149.0,1406,装備なし,
player_sample,巡礼者,55,巡礼者,繋ぎ手,940,224,142,118,92,64,188.0,149.0,1676,標準装備,
player_sample,巡礼者,55,巡礼者,繋ぎ手,940,224,146,132,100,64,196.0,163.0,1740,整った装備,
player_sample,黄昏剣聖,55,黄昏剣聖,刃走り,1123,223,208,101,70,83,243.0,132.0,1683,装備なし,
player_sample,黄昏剣聖,55,黄昏剣聖,刃走り,1153,223,232,101,100,83,282.0,132.0,1953,標準装備,
player_sample,黄昏剣聖,55,黄昏剣聖,刃走り,1153,223,236,115,108,83,290.0,146.0,2017,整った装備,
player_sample,白銀城塞騎士,55,白銀城塞騎士,城壁番,1732,204,141,91,128,47,205.0,122.0,2756,装備なし,
player_sample,白銀城塞騎士,55,白銀城塞騎士,城壁番,1762,204,165,91,158,47,244.0,122.0,3026,標準装備,
player_sample,白銀城塞騎士,55,白銀城塞騎士,城壁番,1762,204,169,105,166,47,252.0,136.0,3090,整った装備,
player_sample,残響弓王,55,残響弓王,矢痕読み,998,228,192,101,60,109,222.0,132.0,1478,装備なし,
player_sample,残響弓王,55,残響弓王,矢痕読み,1028,228,216,101,90,109,261.0,132.0,1748,標準装備,
player_sample,残響弓王,55,残響弓王,矢痕読み,1028,228,220,115,98,109,269.0,146.0,1812,整った装備,
player_sample,星灰大魔導,55,星灰大魔導,灰術士,720,446,76,261,49,63,100.5,292.0,1112,装備なし,
player_sample,星灰大魔導,55,星灰大魔導,灰術士,750,446,100,261,79,63,139.5,292.0,1382,標準装備,
player_sample,星灰大魔導,55,星灰大魔導,灰術士,750,446,104,275,87,63,147.5,306.0,1446,整った装備,
player_sample,巡礼聖祈師,55,巡礼聖祈師,灯守,955,429,90,208,70,59,125.0,239.0,1515,装備なし,
player_sample,巡礼聖祈師,55,巡礼聖祈師,灯守,985,429,114,208,100,59,164.0,239.0,1785,標準装備,
player_sample,巡礼聖祈師,55,巡礼聖祈師,灯守,985,429,118,222,108,59,172.0,253.0,1849,整った装備,
player_sample,影渡りの夜王,55,影渡りの夜王,影足,820,223,161,97,50,144,186.0,128.0,1220,装備なし,
player_sample,影渡りの夜王,55,影渡りの夜王,影足,850,223,185,97,80,144,225.0,128.0,1490,標準装備,
player_sample,影渡りの夜王,55,影渡りの夜王,影足,850,223,189,111,88,144,233.0,142.0,1554,整った装備,
player_sample,深層機工卿,55,深層機工卿,歯車工,1073,314,179,179,65,62,211.5,210.0,1593,装備なし,
player_sample,深層機工卿,55,深層機工卿,歯車工,1103,314,203,179,95,62,250.5,210.0,1863,標準装備,
player_sample,深層機工卿,55,深層機工卿,歯車工,1103,314,207,193,103,62,258.5,224.0,1927,整った装備,
player_sample,灰拳闘王,55,灰拳闘王,勁打者,1385,173,247,72,62,80,278.0,103.0,1881,装備なし,
player_sample,灰拳闘王,55,灰拳闘王,勁打者,1415,173,271,72,92,80,317.0,103.0,2151,標準装備,
player_sample,灰拳闘王,55,灰拳闘王,勁打者,1415,173,275,86,100,80,325.0,117.0,2215,整った装備,
player_sample,星巡の導き手,55,星巡の導き手,繋ぎ手,1201,295,155,155,81,84,195.5,186.0,1849,装備なし,
player_sample,星巡の導き手,55,星巡の導き手,繋ぎ手,1231,295,179,155,111,84,234.5,186.0,2119,標準装備,
player_sample,星巡の導き手,55,星巡の導き手,繋ぎ手,1231,295,183,169,119,84,242.5,200.0,2183,整った装備,
player_sample,剣士,70,剣士,刃走り,1201,267,207,116,77,91,245.5,154.5,1817,装備なし,
player_sample,剣士,70,剣士,刃走り,1231,267,231,116,107,91,284.5,154.5,2087,標準装備,
player_sample,剣士,70,剣士,刃走り,1231,267,235,130,115,91,292.5,168.5,2151,整った装備,
player_sample,重騎士,70,重騎士,城壁番,1716,242,156,105,125,55,218.5,143.5,2716,装備なし,
player_sample,重騎士,70,重騎士,城壁番,1746,242,180,105,155,55,257.5,143.5,2986,標準装備,
player_sample,重騎士,70,重騎士,城壁番,1746,242,184,119,163,55,265.5,157.5,3050,整った装備,
player_sample,狩人,70,狩人,矢痕読み,1090,281,192,116,67,108,225.5,154.5,1626,装備なし,
player_sample,狩人,70,狩人,矢痕読み,1120,281,216,116,97,108,264.5,154.5,1896,標準装備,
player_sample,狩人,70,狩人,矢痕読み,1120,281,220,130,105,108,272.5,168.5,1960,整った装備,
player_sample,魔術師,70,魔術師,灰術士,796,441,86,257,54,75,113.0,295.5,1228,装備なし,
player_sample,魔術師,70,魔術師,灰術士,826,441,110,257,84,75,152.0,295.5,1498,標準装備,
player_sample,魔術師,70,魔術師,灰術士,826,441,114,271,92,75,160.0,309.5,1562,整った装備,
player_sample,祈祷師,70,祈祷師,灯守,1078,431,100,207,78,69,139.0,245.5,1702,装備なし,
player_sample,祈祷師,70,祈祷師,灯守,1108,431,124,207,108,69,178.0,245.5,1972,標準装備,
player_sample,祈祷師,70,祈祷師,灯守,1108,431,128,221,116,69,186.0,259.5,2036,整った装備,
player_sample,斥候,70,斥候,影足,918,267,163,108,50,139,188.0,146.5,1318,装備なし,
player_sample,斥候,70,斥候,影足,948,267,187,108,80,139,227.0,146.5,1588,標準装備,
player_sample,斥候,70,斥候,影足,948,267,191,122,88,139,235.0,160.5,1652,整った装備,
player_sample,機工師,70,機工師,歯車工,1135,334,182,182,71,71,217.5,220.5,1703,装備なし,
player_sample,機工師,70,機工師,歯車工,1165,334,206,182,101,71,256.5,220.5,1973,標準装備,
player_sample,機工師,70,機工師,歯車工,1165,334,210,196,109,71,264.5,234.5,2037,整った装備,
player_sample,格闘士,70,格闘士,勁打者,1406,196,241,80,68,90,275.0,118.5,1950,装備なし,
player_sample,格闘士,70,格闘士,勁打者,1436,196,265,80,98,90,314.0,118.5,2220,標準装備,
player_sample,格闘士,70,格闘士,勁打者,1436,196,269,94,106,90,322.0,132.5,2284,整った装備,
player_sample,巡礼者,70,巡礼者,繋ぎ手,1135,287,148,148,77,79,186.5,186.5,1751,装備なし,
player_sample,巡礼者,70,巡礼者,繋ぎ手,1165,287,172,148,107,79,225.5,186.5,2021,標準装備,
player_sample,巡礼者,70,巡礼者,繋ぎ手,1165,287,176,162,115,79,233.5,200.5,2085,整った装備,
player_sample,黄昏剣聖,70,黄昏剣聖,刃走り,1401,286,261,127,87,102,304.5,165.5,2097,装備なし,
player_sample,黄昏剣聖,70,黄昏剣聖,刃走り,1431,286,285,127,117,102,343.5,165.5,2367,標準装備,
player_sample,黄昏剣聖,70,黄昏剣聖,刃走り,1431,286,289,141,125,102,351.5,179.5,2431,整った装備,
player_sample,白銀城塞騎士,70,白銀城塞騎士,城壁番,2161,261,176,115,159,58,255.5,153.5,3433,装備なし,
player_sample,白銀城塞騎士,70,白銀城塞騎士,城壁番,2191,261,200,115,189,58,294.5,153.5,3703,標準装備,
player_sample,白銀城塞騎士,70,白銀城塞騎士,城壁番,2191,261,204,129,197,58,302.5,167.5,3767,整った装備,
player_sample,残響弓王,70,残響弓王,矢痕読み,1245,292,240,127,74,134,277.0,165.5,1837,装備なし,
player_sample,残響弓王,70,残響弓王,矢痕読み,1275,292,264,127,104,134,316.0,165.5,2107,標準装備,
player_sample,残響弓王,70,残響弓王,矢痕読み,1275,292,268,141,112,134,324.0,179.5,2171,整った装備,
player_sample,星灰大魔導,70,星灰大魔導,灰術士,898,572,95,328,60,78,125.0,366.5,1378,装備なし,
player_sample,星灰大魔導,70,星灰大魔導,灰術士,928,572,119,328,90,78,164.0,366.5,1648,標準装備,
player_sample,星灰大魔導,70,星灰大魔導,灰術士,928,572,123,342,98,78,172.0,380.5,1712,整った装備,
player_sample,巡礼聖祈師,70,巡礼聖祈師,灯守,1191,549,114,261,88,73,158.0,299.5,1895,装備なし,
player_sample,巡礼聖祈師,70,巡礼聖祈師,灯守,1221,549,138,261,118,73,197.0,299.5,2165,標準装備,
player_sample,巡礼聖祈師,70,巡礼聖祈師,灯守,1221,549,142,275,126,73,205.0,313.5,2229,整った装備,
player_sample,影渡りの夜王,70,影渡りの夜王,影足,1023,286,202,122,62,178,233.0,160.5,1519,装備なし,
player_sample,影渡りの夜王,70,影渡りの夜王,影足,1053,286,226,122,92,178,272.0,160.5,1789,標準装備,
player_sample,影渡りの夜王,70,影渡りの夜王,影足,1053,286,230,136,100,178,280.0,174.5,1853,整った装備,
player_sample,深層機工卿,70,深層機工卿,歯車工,1339,402,224,224,81,77,264.5,262.5,1987,装備なし,
player_sample,深層機工卿,70,深層機工卿,歯車工,1369,402,248,224,111,77,303.5,262.5,2257,標準装備,
player_sample,深層機工卿,70,深層機工卿,歯車工,1369,402,252,238,119,77,311.5,276.5,2321,整った装備,
player_sample,灰拳闘王,70,灰拳闘王,勁打者,1728,222,310,91,77,98,348.5,129.5,2344,装備なし,
player_sample,灰拳闘王,70,灰拳闘王,勁打者,1758,222,334,91,107,98,387.5,129.5,2614,標準装備,
player_sample,灰拳闘王,70,灰拳闘王,勁打者,1758,222,338,105,115,98,395.5,143.5,2678,整った装備,
player_sample,星巡の導き手,70,星巡の導き手,繋ぎ手,1498,378,195,195,101,104,245.5,233.5,2306,装備なし,
player_sample,星巡の導き手,70,星巡の導き手,繋ぎ手,1528,378,219,195,131,104,284.5,233.5,2576,標準装備,
player_sample,星巡の導き手,70,星巡の導き手,繋ぎ手,1528,378,223,209,139,104,292.5,247.5,2640,整った装備,
player_sample,剣士,80,剣士,刃走り,1360,309,235,132,87,103,278.5,175.5,2056,装備なし,
player_sample,剣士,80,剣士,刃走り,1390,309,259,132,117,103,317.5,175.5,2326,標準装備,
player_sample,剣士,80,剣士,刃走り,1390,309,263,146,125,103,325.5,189.5,2390,整った装備,
player_sample,重騎士,80,重騎士,城壁番,1942,280,177,119,141,62,247.5,162.5,3070,装備なし,
player_sample,重騎士,80,重騎士,城壁番,1972,280,201,119,171,62,286.5,162.5,3340,標準装備,
player_sample,重騎士,80,重騎士,城壁番,1972,280,205,133,179,62,294.5,176.5,3404,整った装備,
player_sample,狩人,80,狩人,矢痕読み,1234,325,218,132,76,122,256.0,175.5,1842,装備なし,
player_sample,狩人,80,狩人,矢痕読み,1264,325,242,132,106,122,295.0,175.5,2112,標準装備,
player_sample,狩人,80,狩人,矢痕読み,1264,325,246,146,114,122,303.0,189.5,2176,整った装備,
player_sample,魔術師,80,魔術師,灰術士,902,510,98,292,61,85,128.5,335.5,1390,装備なし,
player_sample,魔術師,80,魔術師,灰術士,932,510,122,292,91,85,167.5,335.5,1660,標準装備,
player_sample,魔術師,80,魔術師,灰術士,932,510,126,306,99,85,175.5,349.5,1724,整った装備,
player_sample,祈祷師,80,祈祷師,灯守,1220,499,113,235,88,77,157.0,278.5,1924,装備なし,
player_sample,祈祷師,80,祈祷師,灯守,1250,499,137,235,118,77,196.0,278.5,2194,標準装備,
player_sample,祈祷師,80,祈祷師,灯守,1250,499,141,249,126,77,204.0,292.5,2258,整った装備,
player_sample,斥候,80,斥候,影足,1040,309,185,123,57,157,213.5,166.5,1496,装備なし,
player_sample,斥候,80,斥候,影足,1070,309,209,123,87,157,252.5,166.5,1766,標準装備,
player_sample,斥候,80,斥候,影足,1070,309,213,137,95,157,260.5,180.5,1830,整った装備,
player_sample,機工師,80,機工師,歯車工,1285,387,206,206,80,80,246.0,249.5,1925,装備なし,
player_sample,機工師,80,機工師,歯車工,1315,387,230,206,110,80,285.0,249.5,2195,標準装備,
player_sample,機工師,80,機工師,歯車工,1315,387,234,220,118,80,293.0,263.5,2259,整った装備,
player_sample,格闘士,80,格闘士,勁打者,1592,227,273,91,76,101,311.0,134.5,2200,装備なし,
player_sample,格闘士,80,格闘士,勁打者,1622,227,297,91,106,101,350.0,134.5,2470,標準装備,
player_sample,格闘士,80,格闘士,勁打者,1622,227,301,105,114,101,358.0,148.5,2534,整った装備,
player_sample,巡礼者,80,巡礼者,繋ぎ手,1285,332,168,168,87,89,211.5,211.5,1981,装備なし,
player_sample,巡礼者,80,巡礼者,繋ぎ手,1315,332,192,168,117,89,250.5,211.5,2251,標準装備,
player_sample,巡礼者,80,巡礼者,繋ぎ手,1315,332,196,182,125,89,258.5,225.5,2315,整った装備,
player_sample,黄昏剣聖,80,黄昏剣聖,刃走り,1586,331,297,145,98,115,346.0,188.5,2370,装備なし,
player_sample,黄昏剣聖,80,黄昏剣聖,刃走り,1616,331,321,145,128,115,385.0,188.5,2640,標準装備,
player_sample,黄昏剣聖,80,黄昏剣聖,刃走り,1616,331,325,159,136,115,393.0,202.5,2704,整った装備,
player_sample,白銀城塞騎士,80,白銀城塞騎士,城壁番,2446,302,200,130,179,65,289.5,173.5,3878,装備なし,
player_sample,白銀城塞騎士,80,白銀城塞騎士,城壁番,2476,302,224,130,209,65,328.5,173.5,4148,標準装備,
player_sample,白銀城塞騎士,80,白銀城塞騎士,城壁番,2476,302,228,144,217,65,336.5,187.5,4212,整った装備,
player_sample,残響弓王,80,残響弓王,矢痕読み,1410,338,273,145,84,151,315.0,188.5,2082,装備なし,
player_sample,残響弓王,80,残響弓王,矢痕読み,1440,338,297,145,114,151,354.0,188.5,2352,標準装備,
player_sample,残響弓王,80,残響弓王,矢痕読み,1440,338,301,159,122,151,362.0,202.5,2416,整った装備,
player_sample,星灰大魔導,80,星灰大魔導,灰術士,1017,662,108,372,68,88,142.0,415.5,1561,装備なし,
player_sample,星灰大魔導,80,星灰大魔導,灰術士,1047,662,132,372,98,88,181.0,415.5,1831,標準装備,
player_sample,星灰大魔導,80,星灰大魔導,灰術士,1047,662,136,386,106,88,189.0,429.5,1895,整った装備,
player_sample,巡礼聖祈師,80,巡礼聖祈師,灯守,1349,635,129,297,99,82,178.5,340.5,2141,装備なし,
player_sample,巡礼聖祈師,80,巡礼聖祈師,灯守,1379,635,153,297,129,82,217.5,340.5,2411,標準装備,
player_sample,巡礼聖祈師,80,巡礼聖祈師,灯守,1379,635,157,311,137,82,225.5,354.5,2475,整った装備,
player_sample,影渡りの夜王,80,影渡りの夜王,影足,1158,331,229,138,70,200,264.0,181.5,1718,装備なし,
player_sample,影渡りの夜王,80,影渡りの夜王,影足,1188,331,253,138,100,200,303.0,181.5,1988,標準装備,
player_sample,影渡りの夜王,80,影渡りの夜王,影足,1188,331,257,152,108,200,311.0,195.5,2052,整った装備,
player_sample,深層機工卿,80,深層機工卿,歯車工,1516,466,255,255,92,87,301.0,298.5,2252,装備なし,
player_sample,深層機工卿,80,深層機工卿,歯車工,1546,466,279,255,122,87,340.0,298.5,2522,標準装備,
player_sample,深層機工卿,80,深層機工卿,歯車工,1546,466,283,269,130,87,348.0,312.5,2586,整った装備,
player_sample,灰拳闘王,80,灰拳闘王,勁打者,1956,257,352,103,87,111,395.5,146.5,2652,装備なし,
player_sample,灰拳闘王,80,灰拳闘王,勁打者,1986,257,376,103,117,111,434.5,146.5,2922,標準装備,
player_sample,灰拳闘王,80,灰拳闘王,勁打者,1986,257,380,117,125,111,442.5,160.5,2986,整った装備,
player_sample,星巡の導き手,80,星巡の導き手,繋ぎ手,1696,438,221,221,114,117,278.0,264.5,2608,装備なし,
player_sample,星巡の導き手,80,星巡の導き手,繋ぎ手,1726,438,245,221,144,117,317.0,264.5,2878,標準装備,
player_sample,星巡の導き手,80,星巡の導き手,繋ぎ手,1726,438,249,235,152,117,325.0,278.5,2942,整った装備,
player_sample,剣士,90,剣士,刃走り,1518,352,263,147,97,114,311.5,195.5,2294,装備なし,
player_sample,剣士,90,剣士,刃走り,1548,352,287,147,127,114,350.5,195.5,2564,標準装備,
player_sample,剣士,90,剣士,刃走り,1548,352,291,161,135,114,358.5,209.5,2628,整った装備,
player_sample,重騎士,90,重騎士,城壁番,2169,320,198,133,157,69,276.5,181.5,3425,装備なし,
player_sample,重騎士,90,重騎士,城壁番,2199,320,222,133,187,69,315.5,181.5,3695,標準装備,
player_sample,重騎士,90,重騎士,城壁番,2199,320,226,147,195,69,323.5,195.5,3759,整った装備,
player_sample,狩人,90,狩人,矢痕読み,1378,371,244,147,84,136,286.0,195.5,2050,装備なし,
player_sample,狩人,90,狩人,矢痕読み,1408,371,268,147,114,136,325.0,195.5,2320,標準装備,
player_sample,狩人,90,狩人,矢痕読み,1408,371,272,161,122,136,333.0,209.5,2384,整った装備,
player_sample,魔術師,90,魔術師,灰術士,1007,583,109,327,68,95,143.0,375.5,1551,装備なし,
player_sample,魔術師,90,魔術師,灰術士,1037,583,133,327,98,95,182.0,375.5,1821,標準装備,
player_sample,魔術師,90,魔術師,灰術士,1037,583,137,341,106,95,190.0,389.5,1885,整った装備,
player_sample,祈祷師,90,祈祷師,灯守,1363,570,127,263,98,86,176.0,311.5,2147,装備なし,
player_sample,祈祷師,90,祈祷師,灯守,1393,570,151,263,128,86,215.0,311.5,2417,標準装備,
player_sample,祈祷師,90,祈祷師,灯守,1393,570,155,277,136,86,223.0,325.5,2481,整った装備,
player_sample,斥候,90,斥候,影足,1161,352,207,137,64,175,239.0,185.5,1673,装備なし,
player_sample,斥候,90,斥候,影足,1191,352,231,137,94,175,278.0,185.5,1943,標準装備,
player_sample,斥候,90,斥候,影足,1191,352,235,151,102,175,286.0,199.5,2007,整った装備,
player_sample,機工師,90,機工師,歯車工,1435,442,231,231,90,89,276.0,279.5,2155,装備なし,
player_sample,機工師,90,機工師,歯車工,1465,442,255,231,120,89,315.0,279.5,2425,標準装備,
player_sample,機工師,90,機工師,歯車工,1465,442,259,245,128,89,323.0,293.5,2489,整った装備,
player_sample,格闘士,90,格闘士,勁打者,1777,260,306,102,85,113,348.5,150.5,2457,装備なし,
player_sample,格闘士,90,格闘士,勁打者,1807,260,330,102,115,113,387.5,150.5,2727,標準装備,
player_sample,格闘士,90,格闘士,勁打者,1807,260,334,116,123,113,395.5,164.5,2791,整った装備,
player_sample,巡礼者,90,巡礼者,繋ぎ手,1435,379,188,188,97,99,236.5,236.5,2211,装備なし,
player_sample,巡礼者,90,巡礼者,繋ぎ手,1465,379,212,188,127,99,275.5,236.5,2481,標準装備,
player_sample,巡礼者,90,巡礼者,繋ぎ手,1465,379,216,202,135,99,283.5,250.5,2545,整った装備,
player_sample,黄昏剣聖,90,黄昏剣聖,刃走り,1771,378,332,162,109,128,386.5,210.5,2643,装備なし,
player_sample,黄昏剣聖,90,黄昏剣聖,刃走り,1801,378,356,162,139,128,425.5,210.5,2913,標準装備,
player_sample,黄昏剣聖,90,黄昏剣聖,刃走り,1801,378,360,176,147,128,433.5,224.5,2977,整った装備,
player_sample,白銀城塞騎士,90,白銀城塞騎士,城壁番,2732,345,224,146,200,73,324.0,194.5,4332,装備なし,
player_sample,白銀城塞騎士,90,白銀城塞騎士,城壁番,2762,345,248,146,230,73,363.0,194.5,4602,標準装備,
player_sample,白銀城塞騎士,90,白銀城塞騎士,城壁番,2762,345,252,160,238,73,371.0,208.5,4666,整った装備,
player_sample,残響弓王,90,残響弓王,矢痕読み,1575,386,306,162,93,168,352.5,210.5,2319,装備なし,
player_sample,残響弓王,90,残響弓王,矢痕読み,1605,386,330,162,123,168,391.5,210.5,2589,標準装備,
player_sample,残響弓王,90,残響弓王,矢痕読み,1605,386,334,176,131,168,399.5,224.5,2653,整った装備,
player_sample,星灰大魔導,90,星灰大魔導,灰術士,1136,756,121,417,76,98,159.0,465.5,1744,装備なし,
player_sample,星灰大魔導,90,星灰大魔導,灰術士,1166,756,145,417,106,98,198.0,465.5,2014,標準装備,
player_sample,星灰大魔導,90,星灰大魔導,灰術士,1166,756,149,431,114,98,206.0,479.5,2078,整った装備,
player_sample,巡礼聖祈師,90,巡礼聖祈師,灯守,1506,725,144,332,110,92,199.0,380.5,2386,装備なし,
player_sample,巡礼聖祈師,90,巡礼聖祈師,灯守,1536,725,168,332,140,92,238.0,380.5,2656,標準装備,
player_sample,巡礼聖祈師,90,巡礼聖祈師,灯守,1536,725,172,346,148,92,246.0,394.5,2720,整った装備,
player_sample,影渡りの夜王,90,影渡りの夜王,影足,1293,378,256,155,78,223,295.0,203.5,1917,装備なし,
player_sample,影渡りの夜王,90,影渡りの夜王,影足,1323,378,280,155,108,223,334.0,203.5,2187,標準装備,
player_sample,影渡りの夜王,90,影渡りの夜王,影足,1323,378,284,169,116,223,342.0,217.5,2251,整った装備,
player_sample,深層機工卿,90,深層機工卿,歯車工,1693,532,285,285,102,96,336.0,333.5,2509,装備なし,
player_sample,深層機工卿,90,深層機工卿,歯車工,1723,532,309,285,132,96,375.0,333.5,2779,標準装備,
player_sample,深層機工卿,90,深層機工卿,歯車工,1723,532,313,299,140,96,383.0,347.5,2843,整った装備,
player_sample,灰拳闘王,90,灰拳闘王,勁打者,2184,293,394,115,97,123,442.5,163.5,2960,装備なし,
player_sample,灰拳闘王,90,灰拳闘王,勁打者,2214,293,418,115,127,123,481.5,163.5,3230,標準装備,
player_sample,灰拳闘王,90,灰拳闘王,勁打者,2214,293,422,129,135,123,489.5,177.5,3294,整った装備,
player_sample,星巡の導き手,90,星巡の導き手,繋ぎ手,1894,500,248,248,128,130,312.0,296.5,2918,装備なし,
player_sample,星巡の導き手,90,星巡の導き手,繋ぎ手,1924,500,272,248,158,130,351.0,296.5,3188,標準装備,
player_sample,星巡の導き手,90,星巡の導き手,繋ぎ手,1924,500,276,262,166,130,359.0,310.5,3252,整った装備,
player_sample,剣士,100,剣士,刃走り,1677,397,291,163,107,126,344.5,216.5,2533,装備なし,
player_sample,剣士,100,剣士,刃走り,1707,397,315,163,137,126,383.5,216.5,2803,標準装備,
player_sample,剣士,100,剣士,刃走り,1707,397,319,177,145,126,391.5,230.5,2867,整った装備,
player_sample,重騎士,100,重騎士,城壁番,2396,360,220,148,174,76,307.0,201.5,3788,装備なし,
player_sample,重騎士,100,重騎士,城壁番,2426,360,244,148,204,76,346.0,201.5,4058,標準装備,
player_sample,重騎士,100,重騎士,城壁番,2426,360,248,162,212,76,354.0,215.5,4122,整った装備,
player_sample,狩人,100,狩人,矢痕読み,1522,418,269,163,93,149,315.5,216.5,2266,装備なし,
player_sample,狩人,100,狩人,矢痕読み,1552,418,293,163,123,149,354.5,216.5,2536,標準装備,
player_sample,狩人,100,狩人,矢痕読み,1552,418,297,177,131,149,362.5,230.5,2600,整った装備,
player_sample,魔術師,100,魔術師,灰術士,1112,657,121,361,75,104,158.5,414.5,1712,装備なし,
player_sample,魔術師,100,魔術師,灰術士,1142,657,145,361,105,104,197.5,414.5,1982,標準装備,
player_sample,魔術師,100,魔術師,灰術士,1142,657,149,375,113,104,205.5,428.5,2046,整った装備,
player_sample,祈祷師,100,祈祷師,灯守,1505,642,140,291,109,95,194.5,344.5,2377,装備なし,
player_sample,祈祷師,100,祈祷師,灯守,1535,642,164,291,139,95,233.5,344.5,2647,標準装備,
player_sample,祈祷師,100,祈祷師,灯守,1535,642,168,305,147,95,241.5,358.5,2711,整った装備,
player_sample,斥候,100,斥候,影足,1283,397,229,152,70,192,264.0,205.5,1843,装備なし,
player_sample,斥候,100,斥候,影足,1313,397,253,152,100,192,303.0,205.5,2113,標準装備,
player_sample,斥候,100,斥候,影足,1313,397,257,166,108,192,311.0,219.5,2177,整った装備,
player_sample,機工師,100,機工師,歯車工,1585,498,256,256,99,98,305.5,309.5,2377,装備なし,
player_sample,機工師,100,機工師,歯車工,1615,498,280,256,129,98,344.5,309.5,2647,標準装備,
player_sample,機工師,100,機工師,歯車工,1615,498,284,270,137,98,352.5,323.5,2711,整った装備,
player_sample,格闘士,100,格闘士,勁打者,1963,293,338,113,94,124,385.0,166.5,2715,装備なし,
player_sample,格闘士,100,格闘士,勁打者,1993,293,362,113,124,124,424.0,166.5,2985,標準装備,
player_sample,格闘士,100,格闘士,勁打者,1993,293,366,127,132,124,432.0,180.5,3049,整った装備,
player_sample,巡礼者,100,巡礼者,繋ぎ手,1585,427,208,208,107,109,261.5,261.5,2441,装備なし,
player_sample,巡礼者,100,巡礼者,繋ぎ手,1615,427,232,208,137,109,300.5,261.5,2711,標準装備,
player_sample,巡礼者,100,巡礼者,繋ぎ手,1615,427,236,222,145,109,308.5,275.5,2775,整った装備,
player_sample,黄昏剣聖,100,黄昏剣聖,刃走り,1957,426,368,179,121,141,428.5,232.5,2925,装備なし,
player_sample,黄昏剣聖,100,黄昏剣聖,刃走り,1987,426,392,179,151,141,467.5,232.5,3195,標準装備,
player_sample,黄昏剣聖,100,黄昏剣聖,刃走り,1987,426,396,193,159,141,475.5,246.5,3259,整った装備,
player_sample,白銀城塞騎士,100,白銀城塞騎士,城壁番,3017,389,248,162,220,80,358.0,215.5,4777,装備なし,
player_sample,白銀城塞騎士,100,白銀城塞騎士,城壁番,3047,389,272,162,250,80,397.0,215.5,5047,標準装備,
player_sample,白銀城塞騎士,100,白銀城塞騎士,城壁番,3047,389,276,176,258,80,405.0,229.5,5111,整った装備,
player_sample,残響弓王,100,残響弓王,矢痕読み,1739,435,338,179,103,185,389.5,232.5,2563,装備なし,
player_sample,残響弓王,100,残響弓王,矢痕読み,1769,435,362,179,133,185,428.5,232.5,2833,標準装備,
player_sample,残響弓王,100,残響弓王,矢痕読み,1769,435,366,193,141,185,436.5,246.5,2897,整った装備,
player_sample,星灰大魔導,100,星灰大魔導,灰術士,1255,851,134,461,84,108,176.0,514.5,1927,装備なし,
player_sample,星灰大魔導,100,星灰大魔導,灰術士,1285,851,158,461,114,108,215.0,514.5,2197,標準装備,
player_sample,星灰大魔導,100,星灰大魔導,灰術士,1285,851,162,475,122,108,223.0,528.5,2261,整った装備,
player_sample,巡礼聖祈師,100,巡礼聖祈師,灯守,1664,817,160,368,122,101,221.0,421.5,2640,装備なし,
player_sample,巡礼聖祈師,100,巡礼聖祈師,灯守,1694,817,184,368,152,101,260.0,421.5,2910,標準装備,
player_sample,巡礼聖祈師,100,巡礼聖祈師,灯守,1694,817,188,382,160,101,268.0,435.5,2974,整った装備,
player_sample,影渡りの夜王,100,影渡りの夜王,影足,1429,426,283,172,86,246,326.0,225.5,2117,装備なし,
player_sample,影渡りの夜王,100,影渡りの夜王,影足,1459,426,307,172,116,246,365.0,225.5,2387,標準装備,
player_sample,影渡りの夜王,100,影渡りの夜王,影足,1459,426,311,186,124,246,373.0,239.5,2451,整った装備,
player_sample,深層機工卿,100,深層機工卿,歯車工,1870,599,315,315,113,106,371.5,368.5,2774,装備なし,
player_sample,深層機工卿,100,深層機工卿,歯車工,1900,599,339,315,143,106,410.5,368.5,3044,標準装備,
player_sample,深層機工卿,100,深層機工卿,歯車工,1900,599,343,329,151,106,418.5,382.5,3108,整った装備,
player_sample,灰拳闘王,100,灰拳闘王,勁打者,2413,330,436,128,107,136,489.5,181.5,3269,装備なし,
player_sample,灰拳闘王,100,灰拳闘王,勁打者,2443,330,460,128,137,136,528.5,181.5,3539,標準装備,
player_sample,灰拳闘王,100,灰拳闘王,勁打者,2443,330,464,142,145,136,536.5,195.5,3603,整った装備,
player_sample,星巡の導き手,100,星巡の導き手,繋ぎ手,2092,563,274,274,141,143,344.5,327.5,3220,装備なし,
player_sample,星巡の導き手,100,星巡の導き手,繋ぎ手,2122,563,298,274,171,143,383.5,327.5,3490,標準装備,
player_sample,星巡の導き手,100,星巡の導き手,繋ぎ手,2122,563,302,288,179,143,391.5,341.5,3554,整った装備,
loadout_band,剣士,5,,199,,41,14,32,,57.0,,455,最低装備,
loadout_band,剣士,5,,199,,41,14,32,,57.0,,455,標準装備,
loadout_band,剣士,5,,169,,25,14,12,,31.0,,265,整った装備,
loadout_band,剣士,5,,169,,25,14,12,,31.0,,265,Uni武器,
loadout_band,剣士,5,,169,,25,14,12,,31.0,,265,Src武器,
loadout_band,黄昏剣聖,5,,197,,31,15,13,,37.5,,301,上級+Src+防具更新,
loadout_band,剣士,20,,437,,83,37,47,,106.5,,813,最低装備,
loadout_band,剣士,20,,437,,91,37,57,,119.5,,893,標準装備,
loadout_band,剣士,20,,437,,91,37,57,,119.5,,893,整った装備,
loadout_band,剣士,20,,407,,67,57,27,,80.5,,623,Uni武器,
loadout_band,剣士,20,,407,,67,37,27,,80.5,,623,Src武器,
loadout_band,黄昏剣聖,20,,535,,84,41,99,,133.5,,1327,上級+Src+防具更新,
loadout_band,剣士,35,,675,,125,61,62,,156.0,,1171,最低装備,
loadout_band,剣士,35,,675,,133,61,72,,169.0,,1251,標準装備,
loadout_band,剣士,35,,675,,133,61,72,,169.0,,1251,整った装備,
loadout_band,剣士,35,,645,,109,81,42,,130.0,,981,Uni武器,
loadout_band,剣士,35,,645,,109,61,42,,130.0,,981,Src武器,
loadout_band,黄昏剣聖,35,,813,,138,67,116,,196.0,,1741,上級+Src+防具更新,
loadout_band,剣士,50,,913,,167,85,77,,205.5,,1529,最低装備,
loadout_band,剣士,50,,913,,175,85,87,,218.5,,1609,標準装備,
loadout_band,剣士,50,,913,,179,99,95,,226.5,,1673,整った装備,
loadout_band,剣士,50,,883,,179,99,57,,207.5,,1339,Uni武器,
loadout_band,剣士,50,,883,,189,104,57,,217.5,,1339,Src武器,
loadout_band,黄昏剣聖,50,,1091,,229,112,153,,305.5,,2315,上級+Src+防具更新,
loadout_band,剣士,70,,1231,,223,116,97,,271.5,,2007,最低装備,
loadout_band,剣士,70,,1231,,231,116,107,,284.5,,2087,標準装備,
loadout_band,剣士,70,,1231,,235,130,115,,292.5,,2151,整った装備,
loadout_band,剣士,70,,1201,,235,130,77,,273.5,,1817,Uni武器,
loadout_band,剣士,70,,1201,,245,135,77,,283.5,,1817,Src武器,
loadout_band,黄昏剣聖,70,,1461,,301,147,196,,399.0,,3029,上級+Src+防具更新,
loadout_band,剣士,80,,1390,,251,132,107,,304.5,,2246,最低装備,
loadout_band,剣士,80,,1390,,259,132,117,,317.5,,2326,標準装備,
loadout_band,剣士,80,,1390,,263,146,125,,325.5,,2390,整った装備,
loadout_band,剣士,80,,1360,,263,146,87,,306.5,,2056,Uni武器,
loadout_band,剣士,80,,1360,,273,151,87,,316.5,,2056,Src武器,
loadout_band,黄昏剣聖,80,,1646,,337,165,207,,440.5,,3302,上級+Src+防具更新,
loadout_band,剣士,95,,1628,,293,155,122,,354.0,,2604,最低装備,
loadout_band,剣士,95,,1628,,301,155,132,,367.0,,2684,標準装備,
loadout_band,剣士,95,,1628,,305,169,140,,375.0,,2748,整った装備,
loadout_band,剣士,95,,1598,,305,169,102,,356.0,,2414,Uni武器,
loadout_band,剣士,95,,1598,,315,174,102,,366.0,,2414,Src武器,
loadout_band,黄昏剣聖,95,,1924,,390,191,224,,502.0,,3716,上級+Src+防具更新,
monster,,1,,,61,,7,5,3,5,,,,normal,"mon_star_slime|星原スライム|1|starfield|normal|61|7|5|3|5|100|20|6|[{""item_id"":""mat_iron_scrap"",""weight"":10},{""item_id"":""mat_cloth_scrap"",""weight"":|normal|normal"
monster,,2,,,53,,10,7,2,11,,,,normal,"mon_grass_imp|草陰の小鬼|2|starfield|normal|53|10|7|2|11|100|27|7|[{""item_id"":""mat_iron_scrap"",""weight"":10},{""item_id"":""mat_cloth_scrap"",""weight"":|normal|normal"
monster,,3,,,84,,12,2,5,8,,,,normal,"mon_chip_wolf|欠け角ウルフ|3|starfield|normal|84|12|2|5|8|100|33|9|[{""item_id"":""mat_iron_scrap"",""weight"":10},{""item_id"":""mat_cloth_scrap"",""weight"":|normal|normal"
monster,,4,,,69,,11,6,4,13,,,,normal,"mon_star_bat|星屑コウモリ|4|starfield|normal|69|11|6|4|13|100|40|8|[{""item_id"":""mat_iron_scrap"",""weight"":10},{""item_id"":""mat_cloth_scrap"",""weight"":|normal|normal"
monster,,5,,,91,,15,2,6,9,,,,normal,"mon_bandit|野盗見習い|5|starfield|normal|91|15|2|6|9|100|47|14|[{""item_id"":""mat_iron_scrap"",""weight"":10},{""item_id"":""mat_cloth_scrap"",""weight"":|normal|normal"
monster,,6,,,107,,13,0,11,5,,,,normal,"mon_training_doll|古びた訓練人形|6|starfield|normal|107|13|0|11|5|100|53|12|[{""item_id"":""mat_iron_scrap"",""weight"":10},{""item_id"":""mat_cloth_scrap"",""weight"":|normal|normal"
monster,,6,,,87,,14,5,4,12,,,,normal,"mon_wet_gull|濡れ羽ガル|6|port|normal|87|14|5|4|12|100|50|9|[{""item_id"":""mat_iron_scrap"",""weight"":10},{""item_id"":""mat_cloth_scrap"",""weight"":|normal|normal"
monster,,8,,,149,,19,0,15,3,,,,tough,"mon_salt_crab|塩喰い蟹|8|port|tough|149|19|0|15|3|100|63|12|[{""item_id"":""mat_iron_scrap"",""weight"":10},{""item_id"":""mat_cloth_scrap"",""weight"":|normal|tough"
monster,,8,,,151,,29,14,12,16,,,,boss,"mon_night_shadow|夜歩きの影|8|starfield|boss|151|29|14|12|16|180|167|15|[{""item_id"":""mat_iron_scrap"",""weight"":10},{""item_id"":""mat_cloth_scrap"",""weight"":|normal|boss"
monster,,10,,,178,,25,15,7,5,,,,tough,"mon_drift_undead|漂流亡者|10|port|tough|178|25|15|7|5|100|75|16|[{""item_id"":""mat_iron_scrap"",""weight"":10},{""item_id"":""mat_cloth_scrap"",""weight"":|normal|tough"
monster,,12,,,283,,31,61,14,9,,,,boss,"mon_lighthouse_jelly|灯台クラゲ|12|port|boss|283|31|61|14|9|180|220|12|[{""item_id"":""mat_iron_scrap"",""weight"":10},{""item_id"":""mat_cloth_scrap"",""weight"":|normal|boss"
monster,,12,,,273,,41,0,23,4,,,,tough,"mon_ore_eater|鉱石喰らい|12|mine|tough|273|41|0|23|4|100|80|18|[{""item_id"":""mat_iron_scrap"",""weight"":10},{""item_id"":""mat_cloth_scrap"",""weight"":|normal|tough"
monster,,14,,,465,,45,16,11,20,,,,rare,"mon_mine_bat|坑道コウモリ|14|mine|rare|465|45|16|11|20|100|91|14|[{""item_id"":""mat_iron_scrap"",""weight"":10},{""item_id"":""mat_cloth_scrap"",""weight"":|normal|rare"
monster,,14,,,218,,36,7,12,11,,,,tough,"mon_sea_thief|海霧の盗賊|14|port|tough|218|36|7|12|11|100|100|24|[{""item_id"":""mat_iron_scrap"",""weight"":10},{""item_id"":""mat_cloth_scrap"",""weight"":|normal|tough"
monster,,16,,,251,,40,0,23,7,,,,tough,"mon_ship_soldier|沈没船の甲板兵|16|port|tough|251|40|0|23|7|100|113|21|[{""item_id"":""mat_iron_scrap"",""weight"":10},{""item_id"":""mat_cloth_scrap"",""weight"":|normal|tough"
monster,,16,,,1065,,69,29,50,4,,,,boss,"mon_silver_golem|白銀ゴーレム|16|mine|boss|1065|69|29|50|4|180|257|25|[{""item_id"":""mat_iron_scrap"",""weight"":10},{""item_id"":""mat_cloth_scrap"",""weight"":|normal|boss"
monster,,16,,,251,,34,17,14,17,,,,normal,"mon_mist_deer|霧鹿|16|forest|normal|251|34|17|14|17|100|99|19|[{""item_id"":""mat_iron_scrap"",""weight"":10},{""item_id"":""mat_cloth_scrap"",""weight"":|normal|normal"
monster,,18,,,301,,29,34,11,6,,,,normal,"mon_poison_vine_slime|毒蔦スライム|18|forest|normal|301|29|34|11|6|100|110|16|[{""item_id"":""mat_iron_scrap"",""weight"":10},{""item_id"":""mat_cloth_scrap"",""weight"":|normal|normal"
monster,,18,,,222,,38,44,13,11,,,,normal,"mon_tide_ghost|潮騒の怨霊|18|port|normal|222|38|44|13|11|100|126|26|[{""item_id"":""mat_iron_scrap"",""weight"":10},{""item_id"":""mat_cloth_scrap"",""weight"":|normal|normal"
monster,,18,,,647,,57,9,26,5,,,,tough,"mon_rust_miner|錆びた採掘機|18|mine|tough|647|57|9|26|5|100|114|24|[{""item_id"":""mat_iron_scrap"",""weight"":10},{""item_id"":""mat_cloth_scrap"",""weight"":|normal|tough"
monster,,20,,,416,,76,0,39,10,,,,elite,"mon_cave_in_bug|落盤虫|20|mine|elite|416|76|0|39|10|100|126|21|[{""item_id"":""mat_iron_scrap"",""weight"":10},{""item_id"":""mat_cloth_scrap"",""weight"":|normal|elite"
monster,,20,,,286,,32,56,11,10,,,,rare,"mon_lost_mushroom|迷い茸|20|forest|rare|286|32|56|11|10|100|121|21|[{""item_id"":""mat_iron_scrap"",""weight"":10},{""item_id"":""mat_cloth_scrap"",""weight"":|normal|rare"
monster,,22,,,325,,44,25,20,11,,,,normal,"mon_dead_branch|枯れ枝の従者|22|forest|normal|325|44|25|20|11|100|132|24|[{""item_id"":""mat_iron_scrap"",""weight"":10},{""item_id"":""mat_cloth_scrap"",""weight"":|normal|normal"
monster,,22,,,305,,59,35,16,15,,,,normal,"mon_bookworm_swarm|紙魚の群れ|22|library|normal|305|59|35|16|15|100|128|21|[{""item_id"":""mat_iron_scrap"",""weight"":10},{""item_id"":""mat_cloth_scrap"",""weight"":|normal|normal"
monster,,22,,,522,,83,18,48,9,,,,elite,"mon_black_iron_guard|黒鉄の番兵|22|mine|elite|522|83|18|48|9|100|137|33|[{""item_id"":""mat_iron_scrap"",""weight"":10},{""item_id"":""mat_cloth_scrap"",""weight"":|normal|elite"
monster,,24,,,350,,64,0,17,19,,,,normal,"mon_forest_wolf|森喰い狼|24|forest|normal|350|64|0|17|19|100|143|26|[{""item_id"":""mat_iron_scrap"",""weight"":10},{""item_id"":""mat_cloth_scrap"",""weight"":|normal|normal"
monster,,24,,,963,,69,43,26,18,,,,elite,"mon_crystal_spider|結晶蜘蛛|24|mine|elite|963|69|43|26|18|100|148|28|[{""item_id"":""mat_iron_scrap"",""weight"":10},{""item_id"":""mat_cloth_scrap"",""weight"":|normal|elite"
monster,,24,,,263,,32,49,12,17,,,,normal,"mon_runaway_book|走る禁書|24|library|normal|263|32|49|12|17|100|138|26|[{""item_id"":""mat_iron_scrap"",""weight"":10},{""item_id"":""mat_cloth_scrap"",""weight"":|normal|normal"
monster,,26,,,470,,89,78,31,11,,,,normal,"mon_ink_beast|インクの魔物|26|library|normal|470|89|78|31|11|100|149|28|[{""item_id"":""mat_iron_scrap"",""weight"":10},{""item_id"":""mat_cloth_scrap"",""weight"":|normal|normal"
monster,,26,,,1345,,173,74,79,9,,,,boss,"mon_tree_guardian|古樹の番人|26|forest|boss|1345|173|74|79|9|180|385|50|[{""item_id"":""mat_iron_scrap"",""weight"":10},{""item_id"":""mat_cloth_scrap"",""weight"":|boss|boss"
monster,,28,,,476,,59,55,27,8,,,,normal,"mon_broken_terminal|壊れた記録端末|28|library|normal|476|59|55|27|8|100|160|31|[{""item_id"":""mat_iron_scrap"",""weight"":10},{""item_id"":""mat_cloth_scrap"",""weight"":|normal|normal"
monster,,28,,,470,,98,11,28,13,,,,normal,"mon_black_market_thug|黒市の用心棒|28|undermarket|normal|470|98|11|28|13|100|154|35|[{""item_id"":""mat_iron_scrap"",""weight"":10},{""item_id"":""mat_cloth_scrap"",""weight"":|normal|normal"
monster,,30,,,411,,56,85,21,11,,,,normal,"mon_cursed_tool|呪具憑き|30|undermarket|normal|411|56|85|21|11|100|164|32|[{""item_id"":""mat_iron_scrap"",""weight"":10},{""item_id"":""mat_cloth_scrap"",""weight"":|normal|normal"
monster,,30,,,411,,53,78,20,15,,,,normal,"mon_shadow_librarian|影写しの司書|30|library|normal|411|53|78|20|15|100|170|33|[{""item_id"":""mat_iron_scrap"",""weight"":10},{""item_id"":""mat_cloth_scrap"",""weight"":|normal|normal"
monster,,32,,,513,,156,31,25,25,,,,rare,"mon_masked_thief|仮面盗賊|32|undermarket|rare|513|156|31|25|25|100|174|40|[{""item_id"":""mat_iron_scrap"",""weight"":10},{""item_id"":""mat_cloth_scrap"",""weight"":|normal|rare"
monster,,32,,,1205,,146,167,47,14,,,,boss,"mon_moon_observer|月下の観測者|32|library|boss|1205|146|167|47|14|180|452|30|[{""item_id"":""mat_iron_scrap"",""weight"":10},{""item_id"":""mat_cloth_scrap"",""weight"":|boss|boss"
monster,,32,,,1681,,198,106,92,14,,,,boss,"mon_sleeping_beast|眠れる獣王|32|forest|boss|1681|198|106|92|14|150|467|80|[{""item_id"":""mat_iron_scrap"",""weight"":10},{""item_id"":""mat_cloth_scrap"",""weight"":|boss|boss"
monster,,34,,,529,,119,0,28,17,,,,normal,"mon_market_hound|地下市の番犬|34|undermarket|normal|529|119|0|28|17|100|185|36|[{""item_id"":""mat_iron_scrap"",""weight"":10},{""item_id"":""mat_cloth_scrap"",""weight"":|normal|normal"
monster,,34,,,499,,105,17,35,11,,,,normal,"mon_deserter|逃亡兵|34|undermarket|normal|499|105|17|35|11|100|185|38|[{""item_id"":""mat_iron_scrap"",""weight"":10},{""item_id"":""mat_cloth_scrap"",""weight"":|normal|normal"
monster,,36,,,612,,118,23,43,11,,,,normal,"mon_old_soldier|古王兵|36|capital|normal|612|118|23|43|11|100|188|45|[{""item_id"":""mat_iron_scrap"",""weight"":10},{""item_id"":""mat_cloth_scrap"",""weight"":|normal|normal"
monster,,36,,,588,,84,79,31,8,,,,normal,"mon_failed_contract|契約失敗体|36|undermarket|normal|588|84|79|31|8|100|195|45|[{""item_id"":""mat_iron_scrap"",""weight"":10},{""item_id"":""mat_cloth_scrap"",""weight"":|normal|normal"
monster,,36,,,2410,,106,178,87,12,,,,boss,"mon_silent_guardian|無答の守護者|36|library|boss|2410|106|178|87|12|180|505|100|[{""item_id"":""mat_iron_scrap"",""weight"":10},{""item_id"":""mat_cloth_scrap"",""weight"":|boss|boss"
monster,,36,,,1666,,238,96,68,9,,,,boss,"mon_black_iron_exec|黒鉄処刑人|36|undermarket|boss|1666|238|96|68|9|180|487|70|[{""item_id"":""mat_iron_scrap"",""weight"":10},{""item_id"":""mat_cloth_scrap"",""weight"":|boss|boss"
monster,,38,,,673,,103,69,32,8,,,,normal,"mon_capital_undead|王都亡者|38|capital|normal|673|103|69|32|8|100|198|50|[{""item_id"":""mat_iron_scrap"",""weight"":10},{""item_id"":""mat_cloth_scrap"",""weight"":|normal|normal"
monster,,40,,,1519,,265,69,105,9,,,,boss,"mon_ash_knight|灰冠騎士|40|capital|boss|1519|265|69|105|9|150|520|75|[{""item_id"":""mat_iron_scrap"",""weight"":10},{""item_id"":""mat_cloth_scrap"",""weight"":|boss|boss"
monster,,40,,,735,,140,0,36,13,,,,normal,"mon_shield_breaker|破盾兵|40|capital|normal|735|140|0|36|13|100|208|52|[{""item_id"":""mat_iron_scrap"",""weight"":10},{""item_id"":""mat_cloth_scrap"",""weight"":|normal|normal"
monster,,42,,,1365,,230,85,87,17,,,,rare,"mon_armor_spider|鎧蜘蛛|42|capital|rare|1365|230|85|87|17|100|217|55|[{""item_id"":""mat_iron_scrap"",""weight"":10},{""item_id"":""mat_cloth_scrap"",""weight"":|normal|rare"
monster,,44,,,735,,73,153,34,11,,,,normal,"mon_old_mage|旧統治軍魔導士|44|capital|normal|735|73|153|34|11|100|227|58|[{""item_id"":""mat_iron_scrap"",""weight"":10},{""item_id"":""mat_cloth_scrap"",""weight"":|normal|normal"
monster,,44,,,2800,,196,311,96,14,,,,boss,"mon_throne_shadow|玉座の残影|44|capital|boss|2800|196|311|96|14|180|567|90|[{""item_id"":""mat_iron_scrap"",""weight"":10},{""item_id"":""mat_cloth_scrap"",""weight"":|boss|boss"
monster,,48,,,789,,148,77,43,17,,,,normal,"mon_core_drone|炉心ドローン|48|furnace|normal|789|148|77|43|17|100|237|60|[{""item_id"":""mat_iron_scrap"",""weight"":10},{""item_id"":""mat_cloth_scrap"",""weight"":|normal|normal"
monster,,50,,,1026,,178,30,69,8,,,,normal,"mon_mech_type1|機械兵Type-I|50|furnace|normal|1026|178|30|69|8|100|247|65|[{""item_id"":""mat_iron_scrap"",""weight"":10},{""item_id"":""mat_cloth_scrap"",""weight"":|normal|normal"
monster,,52,,,1105,,198,46,73,11,,,,normal,"mon_mech_type2|機械兵Type-II|52|furnace|normal|1105|198|46|73|11|100|257|68|[{""item_id"":""mat_iron_scrap"",""weight"":10},{""item_id"":""mat_cloth_scrap"",""weight"":|normal|normal"
monster,,54,,,1184,,207,23,65,13,,,,normal,"mon_rampage_mechanic|暴走整備機|54|furnace|normal|1184|207|23|65|13|100|266|70|[{""item_id"":""mat_iron_scrap"",""weight"":10},{""item_id"":""mat_cloth_scrap"",""weight"":|normal|normal"
monster,,54,,,2553,,318,273,93,19,,,,boss,"mon_black_lantern_wraith|黒灯の残影|54|undermarket|boss|2553|318|273|93|19|180|717|75|[{""item_id"":""mat_iron_scrap"",""weight"":10},{""item_id"":""mat_cloth_scrap"",""weight"":|boss|boss"
monster,,56,,,2225,,240,274,84,17,,,,rare,"mon_arc_residue|アーク残滓体|56|furnace|rare|2225|240|274|84|17|100|276|72|[{""item_id"":""mat_iron_scrap"",""weight"":10},{""item_id"":""mat_cloth_scrap"",""weight"":|normal|rare"
monster,,56,,,4888,,259,277,191,9,,,,boss,"mon_furnace_keeper|炉熱の番人|56|furnace|boss|4888|259|277|191|9|180|690|110|[{""item_id"":""mat_iron_scrap"",""weight"":10},{""item_id"":""mat_cloth_scrap"",""weight"":|boss|boss"
monster,,58,,,1640,,288,51,89,12,,,,normal,"mon_old_army|旧統治軍制式兵|58|valhalla|normal|1640|288|51|89|12|100|274|80|[{""item_id"":""mat_iron_scrap"",""weight"":10},{""item_id"":""mat_cloth_scrap"",""weight"":|normal|normal"
monster,,60,,,1503,,234,163,71,13,,,,normal,"mon_deep_watcher|深層監視者|60|furnace|normal|1503|234|163|71|13|100|295|78|[{""item_id"":""mat_iron_scrap"",""weight"":10},{""item_id"":""mat_cloth_scrap"",""weight"":|normal|normal"
monster,,60,,,1742,,301,82,95,15,,,,normal,"mon_sky_mech|空塞機兵|60|valhalla|normal|1742|301|82|95|15|100|283|85|[{""item_id"":""mat_iron_scrap"",""weight"":10},{""item_id"":""mat_cloth_scrap"",""weight"":|normal|normal"
monster,,62,,,2275,,370,310,95,17,,,,rare,"mon_lab_failure|実験区画の失敗体|62|valhalla|rare|2275|370|310|95|17|100|292|88|[{""item_id"":""mat_iron_scrap"",""weight"":10},{""item_id"":""mat_cloth_scrap"",""weight"":|normal|rare"
monster,,64,,,4059,,299,188,185,11,,,,elite,"mon_furnace_defense|炉心防衛ユニット|64|valhalla|elite|4059|299|188|185|11|100|301|92|[{""item_id"":""mat_iron_scrap"",""weight"":10},{""item_id"":""mat_cloth_scrap"",""weight"":|normal|elite"
monster,,66,,,3788,,599,226,205,11,,,,elite,"mon_throne_guard|玉座の守護機|66|valhalla|elite|3788|599|226|205|11|100|310|95|[{""item_id"":""mat_iron_scrap"",""weight"":10},{""item_id"":""mat_cloth_scrap"",""weight"":|normal|elite"
monster,,68,,,5125,,759,504,209,18,,,,boss,"mon_machina_echo|マキナの残響|68|valhalla|boss|5125|759|504|209|18|150|797|130|[{""item_id"":""mat_iron_scrap"",""weight"":10},{""item_id"":""mat_cloth_scrap"",""weight"":|boss|boss"
monster,,68,,,6150,,334,481,209,16,,,,boss,"mon_old_king_shadow|旧王の影|68|valhalla|boss|6150|334|481|209|16|180|797|150|[{""item_id"":""mat_iron_scrap"",""weight"":10},{""item_id"":""mat_cloth_scrap"",""weight"":|boss|boss"
monster,,70,,,625,,80,77,38,13,,,,boss,mon_trial_avatar_斥候|影渡りの現身|70|trial|boss|625|80|77|38|13|180|820|0|[]|boss|boss
monster,,70,,,625,,80,77,38,13,,,,boss,mon_trial_avatar_巡礼者|星巡の現身|70|trial|boss|625|80|77|38|13|180|820|0|[]|boss|boss
monster,,70,,,625,,80,77,38,13,,,,boss,mon_trial_avatar_魔術師|星灰の現身|70|trial|boss|625|80|77|38|13|180|820|0|[]|boss|boss
monster,,70,,,625,,80,77,38,13,,,,boss,mon_trial_avatar_狩人|残響の現身|70|trial|boss|625|80|77|38|13|180|820|0|[]|boss|boss
monster,,70,,,625,,80,77,38,13,,,,boss,mon_trial_avatar_機工師|深層機工の現身|70|trial|boss|625|80|77|38|13|180|820|0|[]|boss|boss
monster,,70,,,625,,80,77,38,13,,,,boss,mon_trial_avatar_格闘士|灰拳の現身|70|trial|boss|625|80|77|38|13|180|820|0|[]|boss|boss
monster,,70,,,625,,80,77,38,13,,,,boss,mon_trial_avatar_重騎士|白銀の現身|70|trial|boss|625|80|77|38|13|180|820|0|[]|boss|boss
monster,,70,,,625,,80,77,38,13,,,,boss,mon_trial_avatar_祈祷師|聖祈の現身|70|trial|boss|625|80|77|38|13|180|820|0|[]|boss|boss
monster,,70,,,737,,161,62,38,13,,,,boss,mon_trial_avatar_剣士|黄昏の現身|70|trial|boss|737|161|62|38|13|180|820|0|[]|boss|boss
monster,,72,,,9060,,1084,758,319,13,,,,boss,"mon_deep_core_boss|深層炉心核|72|valhalla|boss|9060|1084|758|319|13|180|842|180|[{""item_id"":""mat_iron_scrap"",""weight"":10},{""item_id"":""mat_cloth_scrap"",""weight"":|boss|boss"
area_compare,剣士,1,,,,,,,,,,,,星原の外れ|3|-5|1|4|6|8|6.7%|適正
area_compare,剣士,3,,,,,,,,,,,,星原の外れ|3|+0|3|3|5|7|5.8%|やや楽
area_compare,剣士,8,,,,,,,,,,,,星原の外れ|3|+5|8|2|4|6|5.1%|敵弱い
area_compare,剣士,13,,,,,,,,,,,,星原の外れ|3|+10|13|2|4|6|4.7%|敵弱い
area_compare,剣士,1,,,,,,,,,,,,星屑の草道|4|-5|1|4|6|8|6.7%|適正
area_compare,剣士,4,,,,,,,,,,,,星屑の草道|4|+0|4|3|5|7|5.9%|やや楽
area_compare,剣士,9,,,,,,,,,,,,星屑の草道|4|+5|9|2|4|6|5.2%|敵弱い
area_compare,剣士,14,,,,,,,,,,,,星屑の草道|4|+10|14|1|3|5|4.8%|敵弱い
area_compare,剣士,1,,,,,,,,,,,,古道の荷車跡|5|-5|1|6|8|10|12.4%|適正
area_compare,剣士,5,,,,,,,,,,,,古道の荷車跡|5|+0|5|2|4|6|7.5%|やや楽
area_compare,剣士,10,,,,,,,,,,,,古道の荷車跡|5|+5|10|2|4|6|6.9%|やや楽
area_compare,剣士,15,,,,,,,,,,,,古道の荷車跡|5|+10|15|2|4|6|6.1%|やや楽
area_compare,剣士,1,,,,,,,,,,,,古い訓練場|6|-5|1|7|9|11|10.5%|やや厳しい
area_compare,剣士,6,,,,,,,,,,,,古い訓練場|6|+0|6|3|5|7|6.5%|やや楽
area_compare,剣士,11,,,,,,,,,,,,古い訓練場|6|+5|11|3|5|7|6.1%|やや楽
area_compare,剣士,16,,,,,,,,,,,,古い訓練場|6|+10|16|2|4|6|5.5%|敵弱い
area_compare,剣士,2,,,,,,,,,,,,朽ちた旅籠|7|-5|2|5|7|9|10.7%|適正
area_compare,剣士,7,,,,,,,,,,,,朽ちた旅籠|7|+0|7|2|4|6|6.9%|やや楽
area_compare,剣士,12,,,,,,,,,,,,朽ちた旅籠|7|+5|12|2|4|6|6.4%|やや楽
area_compare,剣士,17,,,,,,,,,,,,朽ちた旅籠|7|+10|17|2|4|6|5.6%|敵弱い
area_compare,剣士,3,,,,,,,,,,,,薄明の海岸|8|-5|3|4|7|8|9.5%|適正
area_compare,剣士,8,,,,,,,,,,,,薄明の海岸|8|+0|8|2|3|6|6.5%|やや楽
area_compare,剣士,13,,,,,,,,,,,,薄明の海岸|8|+5|13|2|3|6|6.1%|やや楽
area_compare,剣士,18,,,,,,,,,,,,薄明の海岸|8|+10|18|2|3|6|5.3%|敵弱い
area_compare,剣士,3,,,,,,,,,,,,夜歩きの丘|8|-5|3|3|5|7|8.0%|適正
area_compare,剣士,8,,,,,,,,,,,,夜歩きの丘|8|+0|8|2|4|3|5.7%|敵弱い
area_compare,剣士,13,,,,,,,,,,,,夜歩きの丘|8|+5|13|2|4|3|5.4%|敵弱い
area_compare,剣士,18,,,,,,,,,,,,夜歩きの丘|8|+10|18|1|3|3|5.1%|敵弱い
area_compare,剣士,4,,,,,,,,,,,,盗賊の抜け道|9|-5|4|4|6|6|9.2%|適正
area_compare,剣士,9,,,,,,,,,,,,盗賊の抜け道|9|+0|9|2|4|3|6.5%|やや楽
area_compare,剣士,14,,,,,,,,,,,,盗賊の抜け道|9|+5|14|2|4|3|6.1%|やや楽
area_compare,剣士,19,,,,,,,,,,,,盗賊の抜け道|9|+10|19|2|4|2|5.4%|敵弱い
area_compare,剣士,5,,,,,,,,,,,,壊れた祠|10|-5|5|2|4|4|7.5%|やや楽
area_compare,剣士,10,,,,,,,,,,,,壊れた祠|10|+0|10|2|4|3|6.1%|やや楽
area_compare,剣士,15,,,,,,,,,,,,壊れた祠|10|+5|15|2|4|3|6.1%|やや楽
area_compare,剣士,20,,,,,,,,,,,,壊れた祠|10|+10|20|1|3|2|5.0%|敵弱い
area_compare,剣士,6,,,,,,,,,,,,石積みの橋|11|-5|6|2|4|6|6.0%|やや楽
area_compare,剣士,11,,,,,,,,,,,,石積みの橋|11|+0|11|2|4|6|5.4%|敵弱い
area_compare,剣士,16,,,,,,,,,,,,石積みの橋|11|+5|16|2|4|6|5.2%|敵弱い
area_compare,剣士,21,,,,,,,,,,,,石積みの橋|11|+10|21|1|3|5|4.6%|敵弱い
area_compare,剣士,6,,,,,,,,,,,,灯台下の岩場|11|-5|6|6|3|6|11.2%|適正
area_compare,剣士,11,,,,,,,,,,,,灯台下の岩場|11|+0|11|5|3|5|8.8%|適正
area_compare,剣士,16,,,,,,,,,,,,灯台下の岩場|11|+5|16|5|3|5|8.5%|適正
area_compare,剣士,21,,,,,,,,,,,,灯台下の岩場|11|+10|21|3|2|3|6.6%|やや楽
area_compare,剣士,6,,,,,,,,,,,,雨音の路地|11|-5|6|1|3|5|6.0%|やや楽
area_compare,剣士,11,,,,,,,,,,,,雨音の路地|11|+0|11|1|3|5|5.1%|敵弱い
area_compare,剣士,16,,,,,,,,,,,,雨音の路地|11|+5|16|1|3|5|5.0%|敵弱い
area_compare,剣士,21,,,,,,,,,,,,雨音の路地|11|+10|21|1|3|5|4.4%|敵弱い
area_compare,剣士,7,,,,,,,,,,,,旅人の墓標|12|-5|7|2|4|3|6.9%|やや楽
area_compare,剣士,12,,,,,,,,,,,,旅人の墓標|12|+0|12|2|4|3|5.8%|敵弱い
area_compare,剣士,17,,,,,,,,,,,,旅人の墓標|12|+5|17|2|4|3|5.6%|敵弱い
area_compare,剣士,22,,,,,,,,,,,,旅人の墓標|12|+10|22|1|3|2|4.9%|敵弱い
area_compare,剣士,9,,,,,,,,,,,,白銀坑道|14|-5|9|5|5|8|11.5%|適正
area_compare,剣士,14,,,,,,,,,,,,白銀坑道|14|+0|14|4|4|6|9.6%|適正
area_compare,剣士,19,,,,,,,,,,,,白銀坑道|14|+5|19|4|4|7|9.2%|適正
area_compare,剣士,24,,,,,,,,,,,,白銀坑道|14|+10|24|3|3|4|7.2%|やや楽
area_compare,剣士,8,,,,,,,,,,,,水没した家屋|13|-5|8|6|3|10|9.8%|適正
area_compare,剣士,13,,,,,,,,,,,,水没した家屋|13|+0|13|4|3|8|8.0%|適正
area_compare,剣士,18,,,,,,,,,,,,水没した家屋|13|+5|18|5|3|9|7.7%|適正
area_compare,剣士,23,,,,,,,,,,,,水没した家屋|13|+10|23|3|2|7|6.2%|やや楽
area_compare,剣士,10,,,,,,,,,,,,沈没船の甲板|15|-5|10|5|5|9|10.8%|適正
area_compare,剣士,15,,,,,,,,,,,,沈没船の甲板|15|+0|15|4|4|8|9.2%|適正
area_compare,剣士,20,,,,,,,,,,,,沈没船の甲板|15|+5|20|3|3|7|7.8%|やや楽
area_compare,剣士,25,,,,,,,,,,,,沈没船の甲板|15|+10|25|3|3|7|7.2%|やや楽
area_compare,剣士,11,,,,,,,,,,,,旧採掘路|16|-5|11|11|11|7|13.6%|敵強すぎ
area_compare,剣士,16,,,,,,,,,,,,旧採掘路|16|+0|16|9|9|6|11.5%|やや厳しい
area_compare,剣士,21,,,,,,,,,,,,旧採掘路|16|+5|21|7|7|5|9.5%|やや厳しい
area_compare,剣士,26,,,,,,,,,,,,旧採掘路|16|+10|26|6|6|4|8.5%|適正
area_compare,剣士,10,,,,,,,,,,,,朽ちた井戸|15|-5|10|4|6|5|10.8%|適正
area_compare,剣士,15,,,,,,,,,,,,朽ちた井戸|15|+0|15|3|5|4|8.9%|適正
area_compare,剣士,20,,,,,,,,,,,,朽ちた井戸|15|+5|20|3|5|3|7.6%|やや楽
area_compare,剣士,25,,,,,,,,,,,,朽ちた井戸|15|+10|25|2|4|3|6.8%|やや楽
area_compare,剣士,12,,,,,,,,,,,,潮騒の洞窟|17|-5|12|4|4|8|10.0%|適正
area_compare,剣士,17,,,,,,,,,,,,潮騒の洞窟|17|+0|17|3|3|7|8.5%|適正
area_compare,剣士,22,,,,,,,,,,,,潮騒の洞窟|17|+5|22|2|2|6|7.2%|やや楽
area_compare,剣士,27,,,,,,,,,,,,潮騒の洞窟|17|+10|27|2|2|6|6.6%|やや楽
area_compare,剣士,13,,,,,,,,,,,,霧深き獣道|18|-5|13|4|6|8|8.9%|適正
area_compare,剣士,18,,,,,,,,,,,,霧深き獣道|18|+0|18|3|5|7|7.7%|やや楽
area_compare,剣士,23,,,,,,,,,,,,霧深き獣道|18|+5|23|3|5|7|6.8%|やや楽
area_compare,剣士,28,,,,,,,,,,,,霧深き獣道|18|+10|28|2|4|6|6.2%|やや楽
area_compare,剣士,12,,,,,,,,,,,,雨漏りの礼拝堂|17|-5|12|3|3|3|7.4%|やや楽
area_compare,剣士,17,,,,,,,,,,,,雨漏りの礼拝堂|17|+0|17|2|2|2|6.7%|やや楽
area_compare,剣士,22,,,,,,,,,,,,雨漏りの礼拝堂|17|+5|22|2|2|2|6.0%|敵弱い
area_compare,剣士,27,,,,,,,,,,,,雨漏りの礼拝堂|17|+10|27|2|2|2|5.5%|敵弱い
area_compare,剣士,14,,,,,,,,,,,,海霧の倉庫街|19|-5|14|3|3|7|9.1%|適正
area_compare,剣士,19,,,,,,,,,,,,海霧の倉庫街|19|+0|19|3|3|7|7.8%|やや楽
area_compare,剣士,24,,,,,,,,,,,,海霧の倉庫街|19|+5|24|2|2|6|6.8%|やや楽
area_compare,剣士,29,,,,,,,,,,,,海霧の倉庫街|19|+10|29|2|2|6|6.2%|やや楽
area_compare,剣士,15,,,,,,,,,,,,結晶の縦穴|20|-5|15|13|15|13|13.4%|敵強すぎ
area_compare,剣士,20,,,,,,,,,,,,結晶の縦穴|20|+0|20|10|12|10|11.0%|敵強すぎ
area_compare,剣士,25,,,,,,,,,,,,結晶の縦穴|20|+5|25|9|11|9|9.7%|やや厳しい
area_compare,剣士,30,,,,,,,,,,,,結晶の縦穴|20|+10|30|8|10|8|8.7%|やや厳しい
area_compare,剣士,15,,,,,,,,,,,,毒蔦の小径|20|-5|15|4|6|4|7.5%|適正
area_compare,剣士,20,,,,,,,,,,,,毒蔦の小径|20|+0|20|3|5|3|6.4%|やや楽
area_compare,剣士,25,,,,,,,,,,,,毒蔦の小径|20|+5|25|3|5|3|6.0%|やや楽
area_compare,剣士,30,,,,,,,,,,,,毒蔦の小径|20|+10|30|3|5|2|5.5%|やや楽
area_compare,剣士,14,,,,,,,,,,,,泥濘の畑|19|-5|14|4|6|8|7.6%|適正
area_compare,剣士,19,,,,,,,,,,,,泥濘の畑|19|+0|19|4|6|8|6.9%|適正
area_compare,剣士,24,,,,,,,,,,,,泥濘の畑|19|+5|24|3|5|7|6.2%|やや楽
area_compare,剣士,29,,,,,,,,,,,,泥濘の畑|19|+10|29|3|5|7|5.9%|やや楽
area_compare,剣士,17,,,,,,,,,,,,崩落した作業場|22|-5|17|6|4|6|13.6%|適正
area_compare,剣士,22,,,,,,,,,,,,崩落した作業場|22|+0|22|5|3|5|11.3%|適正
area_compare,剣士,27,,,,,,,,,,,,崩落した作業場|22|+5|27|4|3|4|9.9%|適正
area_compare,剣士,32,,,,,,,,,,,,崩落した作業場|22|+10|32|4|2|4|8.9%|適正
area_compare,剣士,19,,,,,,,,,,,,黒鉄鉱脈|24|-5|19|7|9|7|13.5%|やや厳しい
area_compare,剣士,24,,,,,,,,,,,,黒鉄鉱脈|24|+0|24|6|8|6|11.4%|適正
area_compare,剣士,29,,,,,,,,,,,,黒鉄鉱脈|24|+5|29|5|7|5|10.2%|適正
area_compare,剣士,34,,,,,,,,,,,,黒鉄鉱脈|24|+10|34|5|7|5|9.1%|適正
area_compare,剣士,19,,,,,,,,,,,,古樹の根元|24|-5|19|4|6|8|8.8%|適正
area_compare,剣士,24,,,,,,,,,,,,古樹の根元|24|+0|24|3|5|7|7.6%|やや楽
area_compare,剣士,29,,,,,,,,,,,,古樹の根元|24|+5|29|3|5|7|6.9%|やや楽
area_compare,剣士,34,,,,,,,,,,,,古樹の根元|24|+10|34|3|5|7|6.4%|やや楽
area_compare,剣士,20,,,,,,,,,,,,月下図書館・禁書区画|25|-5|20|3|5|7|7.1%|やや楽
area_compare,剣士,25,,,,,,,,,,,,月下図書館・禁書区画|25|+0|25|3|5|7|6.4%|やや楽
area_compare,剣士,30,,,,,,,,,,,,月下図書館・禁書区画|25|+5|30|2|4|6|5.9%|敵弱い
area_compare,剣士,35,,,,,,,,,,,,月下図書館・禁書区画|25|+10|35|2|4|6|5.6%|敵弱い
area_compare,剣士,21,,,,,,,,,,,,迷い茸の群生地|26|-5|21|3|5|3|6.4%|やや楽
area_compare,剣士,26,,,,,,,,,,,,迷い茸の群生地|26|+0|26|3|5|3|6.0%|やや楽
area_compare,剣士,31,,,,,,,,,,,,迷い茸の群生地|26|+5|31|3|5|2|5.6%|やや楽
area_compare,剣士,36,,,,,,,,,,,,迷い茸の群生地|26|+10|36|2|4|2|5.4%|敵弱い
area_compare,剣士,22,,,,,,,,,,,,紙魚の回廊|27|-5|22|3|5|7|9.6%|適正
area_compare,剣士,27,,,,,,,,,,,,紙魚の回廊|27|+0|27|3|5|7|8.6%|適正
area_compare,剣士,32,,,,,,,,,,,,紙魚の回廊|27|+5|32|3|5|7|7.8%|やや楽
area_compare,剣士,37,,,,,,,,,,,,紙魚の回廊|27|+10|37|2|4|6|7.2%|やや楽
area_compare,剣士,24,,,,,,,,,,,,忘却の地下路|29|-5|24|5|7|9|12.8%|適正
area_compare,剣士,29,,,,,,,,,,,,忘却の地下路|29|+0|29|4|6|8|11.2%|適正
area_compare,剣士,34,,,,,,,,,,,,忘却の地下路|29|+5|34|4|6|8|10.3%|適正
area_compare,剣士,39,,,,,,,,,,,,忘却の地下路|29|+10|39|3|5|7|9.3%|適正
area_compare,剣士,25,,,,,,,,,,,,記録端末室|30|-5|25|5|7|9|8.9%|適正
area_compare,剣士,30,,,,,,,,,,,,記録端末室|30|+0|30|4|6|8|8.1%|適正
area_compare,剣士,35,,,,,,,,,,,,記録端末室|30|+5|35|4|6|8|7.4%|適正
area_compare,剣士,40,,,,,,,,,,,,記録端末室|30|+10|40|3|5|7|6.8%|やや楽
area_compare,剣士,26,,,,,,,,,,,,黒市の裏通り|31|-5|26|5|7|5|12.8%|適正
area_compare,剣士,31,,,,,,,,,,,,黒市の裏通り|31|+0|31|4|6|4|11.3%|適正
area_compare,剣士,36,,,,,,,,,,,,黒市の裏通り|31|+5|36|4|6|4|10.3%|適正
area_compare,剣士,41,,,,,,,,,,,,黒市の裏通り|31|+10|41|4|6|3|9.2%|適正
area_compare,剣士,27,,,,,,,,,,,,眠れる獣の巣|32|-5|27|20|22|24|20.4%|敵強すぎ
area_compare,剣士,32,,,,,,,,,,,,眠れる獣の巣|32|+0|32|17|19|21|18.0%|敵強すぎ
area_compare,剣士,37,,,,,,,,,,,,眠れる獣の巣|32|+5|37|16|18|20|16.0%|敵強すぎ
area_compare,剣士,42,,,,,,,,,,,,眠れる獣の巣|32|+10|42|14|16|18|14.1%|敵強すぎ
area_compare,剣士,27,,,,,,,,,,,,影写しの閲覧室|32|-5|27|4|6|12|7.8%|適正
area_compare,剣士,32,,,,,,,,,,,,影写しの閲覧室|32|+0|32|3|5|10|7.3%|やや楽
area_compare,剣士,37,,,,,,,,,,,,影写しの閲覧室|32|+5|37|3|5|9|6.8%|やや楽
area_compare,剣士,42,,,,,,,,,,,,影写しの閲覧室|32|+10|42|3|5|8|6.4%|やや楽
area_compare,剣士,28,,,,,,,,,,,,呪具置き場|33|-5|28|4|6|8|8.0%|適正
area_compare,剣士,33,,,,,,,,,,,,呪具置き場|33|+0|33|3|5|7|7.3%|やや楽
area_compare,剣士,38,,,,,,,,,,,,呪具置き場|33|+5|38|3|5|7|6.9%|やや楽
area_compare,剣士,43,,,,,,,,,,,,呪具置き場|33|+10|43|3|5|7|6.5%|やや楽
area_compare,剣士,28,,,,,,,,,,,,砂時計の廃路|33|-5|28|6|8|10|13.1%|適正
area_compare,剣士,33,,,,,,,,,,,,砂時計の廃路|33|+0|33|5|7|9|11.8%|適正
area_compare,剣士,38,,,,,,,,,,,,砂時計の廃路|33|+5|38|5|7|9|10.8%|適正
area_compare,剣士,43,,,,,,,,,,,,砂時計の廃路|33|+10|43|4|6|8|9.6%|適正
area_compare,剣士,30,,,,,,,,,,,,時紋の市場跡|35|-5|30|6|8|10|14.4%|適正
area_compare,剣士,35,,,,,,,,,,,,時紋の市場跡|35|+0|35|6|8|10|12.9%|適正
area_compare,剣士,40,,,,,,,,,,,,時紋の市場跡|35|+5|40|5|7|9|11.4%|適正
area_compare,剣士,45,,,,,,,,,,,,時紋の市場跡|35|+10|45|5|7|9|10.4%|適正
area_compare,剣士,31,,,,,,,,,,,,契約失敗体の檻|36|-5|31|5|7|9|9.8%|適正
area_compare,剣士,36,,,,,,,,,,,,契約失敗体の檻|36|+0|36|5|7|9|9.0%|適正
area_compare,剣士,41,,,,,,,,,,,,契約失敗体の檻|36|+5|41|4|6|8|8.2%|適正
area_compare,剣士,46,,,,,,,,,,,,契約失敗体の檻|36|+10|46|4|6|8|7.5%|適正
area_compare,剣士,32,,,,,,,,,,,,喪失者の広場|37|-5|32|6|8|14|11.0%|適正
area_compare,剣士,37,,,,,,,,,,,,喪失者の広場|37|+0|37|5|7|13|10.0%|適正
area_compare,剣士,42,,,,,,,,,,,,喪失者の広場|37|+5|42|5|7|11|9.0%|適正
area_compare,剣士,47,,,,,,,,,,,,喪失者の広場|37|+10|47|4|6|10|8.4%|適正
area_compare,剣士,33,,,,,,,,,,,,無答の書庫|38|-5|33|24|26|10|10.9%|敵強すぎ
area_compare,剣士,38,,,,,,,,,,,,無答の書庫|38|+0|38|21|23|9|10.1%|敵強すぎ
area_compare,剣士,43,,,,,,,,,,,,無答の書庫|38|+5|43|19|21|8|9.1%|敵強すぎ
area_compare,剣士,48,,,,,,,,,,,,無答の書庫|38|+10|48|18|20|8|8.4%|敵強すぎ
area_compare,剣士,33,,,,,,,,,,,,仮面商人の隠し倉庫|38|-5|33|4|6|4|10.4%|適正
area_compare,剣士,38,,,,,,,,,,,,仮面商人の隠し倉庫|38|+0|38|4|6|4|9.4%|適正
area_compare,剣士,43,,,,,,,,,,,,仮面商人の隠し倉庫|38|+5|43|3|5|3|8.6%|適正
area_compare,剣士,48,,,,,,,,,,,,仮面商人の隠し倉庫|38|+10|48|3|5|3|8.0%|適正
area_compare,剣士,34,,,,,,,,,,,,逆さ時計塔|39|-5|34|6|8|10|8.5%|適正
area_compare,剣士,39,,,,,,,,,,,,逆さ時計塔|39|+0|39|5|7|9|7.8%|適正
area_compare,剣士,44,,,,,,,,,,,,逆さ時計塔|39|+5|44|5|7|9|7.2%|適正
area_compare,剣士,49,,,,,,,,,,,,逆さ時計塔|39|+10|49|4|6|8|6.8%|適正
area_compare,剣士,34,,,,,,,,,,,,灰冠の王都地下|39|-5|34|5|7|13|11.5%|適正
area_compare,剣士,39,,,,,,,,,,,,灰冠の王都地下|39|+0|39|5|7|12|10.6%|適正
area_compare,剣士,44,,,,,,,,,,,,灰冠の王都地下|39|+5|44|4|6|11|9.5%|適正
area_compare,剣士,49,,,,,,,,,,,,灰冠の王都地下|39|+10|49|4|6|10|8.8%|適正
area_compare,剣士,36,,,,,,,,,,,,記憶の保管庫|41|-5|36|27|29|31|16.2%|敵強すぎ
area_compare,剣士,41,,,,,,,,,,,,記憶の保管庫|41|+0|41|24|26|28|14.8%|敵強すぎ
area_compare,剣士,46,,,,,,,,,,,,記憶の保管庫|41|+5|46|22|24|26|13.2%|敵強すぎ
area_compare,剣士,51,,,,,,,,,,,,記憶の保管庫|41|+10|51|20|22|24|12.1%|敵強すぎ
area_compare,剣士,36,,,,,,,,,,,,旧統治軍詰所|41|-5|36|6|8|10|12.6%|適正
area_compare,剣士,41,,,,,,,,,,,,旧統治軍詰所|41|+0|41|5|7|9|11.4%|適正
area_compare,剣士,46,,,,,,,,,,,,旧統治軍詰所|41|+5|46|5|7|9|10.4%|適正
area_compare,剣士,51,,,,,,,,,,,,旧統治軍詰所|41|+10|51|4|6|8|9.6%|適正
area_compare,剣士,36,,,,,,,,,,,,硝子沼|41|-5|36|2|4|2|5.4%|敵弱い
area_compare,剣士,41,,,,,,,,,,,,硝子沼|41|+0|41|2|4|2|5.1%|敵弱い
area_compare,剣士,46,,,,,,,,,,,,硝子沼|41|+5|46|2|4|2|4.8%|敵弱い
area_compare,剣士,51,,,,,,,,,,,,硝子沼|41|+10|51|2|4|2|4.7%|敵弱い
area_compare,剣士,38,,,,,,,,,,,,王都地下牢|43|-5|38|5|7|12|9.8%|適正
area_compare,剣士,43,,,,,,,,,,,,王都地下牢|43|+0|43|5|7|11|9.1%|適正
area_compare,剣士,48,,,,,,,,,,,,王都地下牢|43|+5|48|4|6|10|8.3%|適正
area_compare,剣士,53,,,,,,,,,,,,王都地下牢|43|+10|53|4|6|9|7.8%|適正
area_compare,剣士,38,,,,,,,,,,,,竜骨の峡谷|43|-5|38|3|5|7|7.5%|やや楽
area_compare,剣士,43,,,,,,,,,,,,竜骨の峡谷|43|+0|43|2|4|6|7.0%|やや楽
area_compare,剣士,48,,,,,,,,,,,,竜骨の峡谷|43|+5|48|2|4|6|6.5%|やや楽
area_compare,剣士,53,,,,,,,,,,,,竜骨の峡谷|43|+10|53|2|4|5|6.1%|やや楽
area_compare,剣士,38,,,,,,,,,,,,割れた水面|43|-5|38|4|6|7|8.9%|適正
area_compare,剣士,43,,,,,,,,,,,,割れた水面|43|+0|43|3|5|6|8.2%|適正
area_compare,剣士,48,,,,,,,,,,,,割れた水面|43|+5|48|3|5|6|7.6%|やや楽
area_compare,剣士,53,,,,,,,,,,,,割れた水面|43|+10|53|3|5|5|7.2%|やや楽
area_compare,剣士,40,,,,,,,,,,,,破れた玉座前|45|-5|40|14|16|18|19.1%|敵強すぎ
area_compare,剣士,45,,,,,,,,,,,,破れた玉座前|45|+0|45|13|15|17|17.3%|敵強すぎ
area_compare,剣士,50,,,,,,,,,,,,破れた玉座前|45|+5|50|12|14|16|15.3%|敵強すぎ
area_compare,剣士,55,,,,,,,,,,,,破れた玉座前|45|+10|55|11|13|15|14.2%|敵強すぎ
area_compare,剣士,40,,,,,,,,,,,,大骨市場跡|45|-5|40|12|14|12|17.0%|敵強すぎ
area_compare,剣士,45,,,,,,,,,,,,大骨市場跡|45|+0|45|11|13|11|15.5%|敵強すぎ
area_compare,剣士,50,,,,,,,,,,,,大骨市場跡|45|+5|50|10|12|10|13.8%|敵強すぎ
area_compare,剣士,55,,,,,,,,,,,,大骨市場跡|45|+10|55|9|11|9|12.8%|やや厳しい
area_compare,剣士,40,,,,,,,,,,,,沼底の参道|45|-5|40|3|5|7|6.5%|やや楽
area_compare,剣士,45,,,,,,,,,,,,沼底の参道|45|+0|45|3|5|7|6.2%|やや楽
area_compare,剣士,50,,,,,,,,,,,,沼底の参道|45|+5|50|3|5|7|5.8%|やや楽
area_compare,剣士,55,,,,,,,,,,,,沼底の参道|45|+10|55|2|4|6|5.6%|敵弱い
area_compare,剣士,40,,,,,,,,,,,,赤灰の外壁|45|-5|40|5|7|9|10.3%|適正
area_compare,剣士,45,,,,,,,,,,,,赤灰の外壁|45|+0|45|4|6|8|9.6%|適正
area_compare,剣士,50,,,,,,,,,,,,赤灰の外壁|45|+5|50|4|6|8|8.8%|適正
area_compare,剣士,55,,,,,,,,,,,,赤灰の外壁|45|+10|55|4|6|8|8.3%|適正
area_compare,剣士,42,,,,,,,,,,,,灰の大通り|47|-5|42|14|16|18|18.3%|敵強すぎ
area_compare,剣士,47,,,,,,,,,,,,灰の大通り|47|+0|47|13|15|17|16.6%|敵強すぎ
area_compare,剣士,52,,,,,,,,,,,,灰の大通り|47|+5|52|11|13|15|14.9%|敵強すぎ
area_compare,剣士,57,,,,,,,,,,,,灰の大通り|47|+10|57|11|13|15|13.9%|敵強すぎ
area_compare,剣士,42,,,,,,,,,,,,竜鳴きの崖|47|-5|42|14|16|18|14.5%|敵強すぎ
area_compare,剣士,47,,,,,,,,,,,,竜鳴きの崖|47|+0|47|13|15|17|13.4%|敵強すぎ
area_compare,剣士,52,,,,,,,,,,,,竜鳴きの崖|47|+5|52|12|14|16|12.1%|敵強すぎ
area_compare,剣士,57,,,,,,,,,,,,竜鳴きの崖|47|+10|57|11|13|15|11.1%|敵強すぎ
area_compare,剣士,42,,,,,,,,,,,,沈黙の回廊|47|-5|42|2|1|6|5.5%|敵弱い
area_compare,剣士,47,,,,,,,,,,,,沈黙の回廊|47|+0|47|2|1|6|5.3%|敵弱い
area_compare,剣士,52,,,,,,,,,,,,沈黙の回廊|47|+5|52|2|1|6|5.1%|敵弱い
area_compare,剣士,57,,,,,,,,,,,,沈黙の回廊|47|+10|57|1|1|5|5.0%|敵弱い
area_compare,剣士,42,,,,,,,,,,,,反射する森|47|-5|42|2|4|2|5.3%|敵弱い
area_compare,剣士,47,,,,,,,,,,,,反射する森|47|+0|47|2|4|2|5.1%|敵弱い
area_compare,剣士,52,,,,,,,,,,,,反射する森|47|+5|52|2|4|2|4.9%|敵弱い
area_compare,剣士,57,,,,,,,,,,,,反射する森|47|+10|57|2|4|2|4.8%|敵弱い
area_compare,剣士,42,,,,,,,,,,,,焼けた兵舎|47|-5|42|14|16|18|18.3%|敵強すぎ
area_compare,剣士,47,,,,,,,,,,,,焼けた兵舎|47|+0|47|13|15|17|16.6%|敵強すぎ
area_compare,剣士,52,,,,,,,,,,,,焼けた兵舎|47|+5|52|11|13|15|14.9%|敵強すぎ
area_compare,剣士,57,,,,,,,,,,,,焼けた兵舎|47|+10|57|11|13|15|13.9%|敵強すぎ
area_compare,剣士,44,,,,,,,,,,,,骨喰い鳥の巣|49|-5|44|6|8|6|7.1%|適正
area_compare,剣士,49,,,,,,,,,,,,骨喰い鳥の巣|49|+0|49|6|8|6|6.7%|適正
area_compare,剣士,54,,,,,,,,,,,,骨喰い鳥の巣|49|+5|54|5|7|5|6.3%|適正
area_compare,剣士,59,,,,,,,,,,,,骨喰い鳥の巣|49|+10|59|5|7|5|6.1%|適正
area_compare,剣士,44,,,,,,,,,,,,懺悔室|49|-5|44|3|5|7|6.5%|やや楽
area_compare,剣士,49,,,,,,,,,,,,懺悔室|49|+0|49|3|5|7|6.1%|やや楽
area_compare,剣士,54,,,,,,,,,,,,懺悔室|49|+5|54|2|4|6|5.7%|敵弱い
area_compare,剣士,59,,,,,,,,,,,,懺悔室|49|+10|59|2|4|6|5.5%|敵弱い
area_compare,剣士,44,,,,,,,,,,,,硝子花の群生地|49|-5|44|3|5|6|8.2%|適正
area_compare,剣士,49,,,,,,,,,,,,硝子花の群生地|49|+0|49|3|5|6|7.7%|やや楽
area_compare,剣士,54,,,,,,,,,,,,硝子花の群生地|49|+5|54|3|5|5|7.2%|やや楽
area_compare,剣士,59,,,,,,,,,,,,硝子花の群生地|49|+10|59|3|5|5|6.8%|やや楽
area_compare,剣士,44,,,,,,,,,,,,砦地下倉庫|49|-5|44|4|6|4|9.8%|適正
area_compare,剣士,49,,,,,,,,,,,,砦地下倉庫|49|+0|49|3|5|4|9.1%|適正
area_compare,剣士,54,,,,,,,,,,,,砦地下倉庫|49|+5|54|3|5|3|8.4%|適正
area_compare,剣士,59,,,,,,,,,,,,砦地下倉庫|49|+10|59|3|5|3|8.0%|やや楽
area_compare,剣士,46,,,,,,,,,,,,古竜の裂け目|51|-5|46|13|15|17|13.5%|敵強すぎ
area_compare,剣士,51,,,,,,,,,,,,古竜の裂け目|51|+0|51|12|14|16|12.5%|敵強すぎ
area_compare,剣士,56,,,,,,,,,,,,古竜の裂け目|51|+5|56|11|13|15|11.4%|敵強すぎ
area_compare,剣士,61,,,,,,,,,,,,古竜の裂け目|51|+10|61|11|13|15|10.7%|敵強すぎ
area_compare,剣士,46,,,,,,,,,,,,祈りの間|51|-5|46|19|21|23|8.8%|敵強すぎ
area_compare,剣士,51,,,,,,,,,,,,祈りの間|51|+0|51|17|19|21|8.3%|敵強すぎ
area_compare,剣士,56,,,,,,,,,,,,祈りの間|51|+5|56|16|18|20|7.6%|敵強すぎ
area_compare,剣士,61,,,,,,,,,,,,祈りの間|51|+10|61|15|17|19|7.3%|敵強すぎ
area_compare,剣士,46,,,,,,,,,,,,炎の訓練場|51|-5|46|13|15|17|16.9%|敵強すぎ
area_compare,剣士,51,,,,,,,,,,,,炎の訓練場|51|+0|51|12|14|16|15.5%|敵強すぎ
area_compare,剣士,56,,,,,,,,,,,,炎の訓練場|51|+5|56|11|13|15|14.1%|敵強すぎ
area_compare,剣士,61,,,,,,,,,,,,炎の訓練場|51|+10|61|10|12|14|13.1%|敵強すぎ
area_compare,剣士,48,,,,,,,,,,,,聖水工房跡|53|-5|48|2|1|2|5.0%|敵弱い
area_compare,剣士,53,,,,,,,,,,,,聖水工房跡|53|+0|53|2|1|2|4.8%|敵弱い
area_compare,剣士,58,,,,,,,,,,,,聖水工房跡|53|+5|58|2|1|2|4.6%|敵弱い
area_compare,剣士,63,,,,,,,,,,,,聖水工房跡|53|+10|63|2|1|2|4.6%|敵弱い
area_compare,剣士,48,,,,,,,,,,,,赤灰の見張り台|53|-5|48|5|7|9|10.2%|適正
area_compare,剣士,53,,,,,,,,,,,,赤灰の見張り台|53|+0|53|4|6|8|9.6%|適正
area_compare,剣士,58,,,,,,,,,,,,赤灰の見張り台|53|+5|58|4|6|8|8.8%|適正
area_compare,剣士,63,,,,,,,,,,,,赤灰の見張り台|53|+10|63|4|6|8|8.3%|適正
area_compare,剣士,48,,,,,,,,,,,,深層炉入口|53|-5|48|5|7|9|10.7%|適正
area_compare,剣士,53,,,,,,,,,,,,深層炉入口|53|+0|53|5|7|9|9.9%|適正
area_compare,剣士,58,,,,,,,,,,,,深層炉入口|53|+5|58|4|6|8|9.1%|適正
area_compare,剣士,63,,,,,,,,,,,,深層炉入口|53|+10|63|4|6|8|8.7%|適正
area_compare,剣士,50,,,,,,,,,,,,無言の巡礼路|55|-5|50|17|19|21|8.4%|敵強すぎ
area_compare,剣士,55,,,,,,,,,,,,無言の巡礼路|55|+0|55|16|18|20|8.0%|敵強すぎ
area_compare,剣士,60,,,,,,,,,,,,無言の巡礼路|55|+5|60|15|17|19|7.4%|敵強すぎ
area_compare,剣士,65,,,,,,,,,,,,無言の巡礼路|55|+10|65|14|16|18|7.0%|敵強すぎ
area_compare,剣士,50,,,,,,,,,,,,炉心監視塔|55|-5|50|8|10|12|12.7%|やや厳しい
area_compare,剣士,55,,,,,,,,,,,,炉心監視塔|55|+0|55|7|9|11|11.8%|やや厳しい
area_compare,剣士,60,,,,,,,,,,,,炉心監視塔|55|+5|60|7|9|11|10.7%|やや厳しい
area_compare,剣士,65,,,,,,,,,,,,炉心監視塔|55|+10|65|6|8|10|10.2%|適正
area_compare,剣士,49,,,,,,,,,,,,黒灯りの路地|54|-5|49|19|21|3|18.6%|敵強すぎ
area_compare,剣士,54,,,,,,,,,,,,黒灯りの路地|54|+0|54|18|20|3|17.1%|敵強すぎ
area_compare,剣士,59,,,,,,,,,,,,黒灯りの路地|54|+5|59|16|18|3|15.4%|敵強すぎ
area_compare,剣士,64,,,,,,,,,,,,黒灯りの路地|54|+10|64|15|17|3|14.3%|敵強すぎ
area_compare,剣士,52,,,,,,,,,,,,機工整備場|57|-5|52|8|10|12|12.7%|やや厳しい
area_compare,剣士,57,,,,,,,,,,,,機工整備場|57|+0|57|7|9|11|11.8%|やや厳しい
area_compare,剣士,62,,,,,,,,,,,,機工整備場|57|+5|62|7|9|11|10.8%|やや厳しい
area_compare,剣士,67,,,,,,,,,,,,機工整備場|57|+10|67|6|8|10|10.2%|適正
area_compare,剣士,52,,,,,,,,,,,,星落ちの観測台|57|-5|52|7|9|7|9.9%|やや厳しい
area_compare,剣士,57,,,,,,,,,,,,星落ちの観測台|57|+0|57|7|9|7|9.4%|やや厳しい
area_compare,剣士,62,,,,,,,,,,,,星落ちの観測台|57|+5|62|6|8|6|8.6%|適正
area_compare,剣士,67,,,,,,,,,,,,星落ちの観測台|57|+10|67|6|8|6|8.2%|適正
area_compare,剣士,51,,,,,,,,,,,,煤煙の抜け道|56|-5|51|19|21|23|18.0%|敵強すぎ
area_compare,剣士,56,,,,,,,,,,,,煤煙の抜け道|56|+0|56|17|19|21|16.6%|敵強すぎ
area_compare,剣士,61,,,,,,,,,,,,煤煙の抜け道|56|+5|61|16|18|20|15.0%|敵強すぎ
area_compare,剣士,66,,,,,,,,,,,,煤煙の抜け道|56|+10|66|15|17|19|14.1%|敵強すぎ
area_compare,剣士,54,,,,,,,,,,,,アーク残滓研究所|59|-5|54|10|12|15|13.5%|敵強すぎ
area_compare,剣士,59,,,,,,,,,,,,アーク残滓研究所|59|+0|59|9|11|14|12.6%|やや厳しい
area_compare,剣士,64,,,,,,,,,,,,アーク残滓研究所|59|+5|64|8|10|13|11.5%|やや厳しい
area_compare,剣士,69,,,,,,,,,,,,アーク残滓研究所|59|+10|69|8|10|12|10.8%|やや厳しい
area_compare,剣士,54,,,,,,,,,,,,砕けた望遠塔|59|-5|54|3|5|7|5.9%|やや楽
area_compare,剣士,59,,,,,,,,,,,,砕けた望遠塔|59|+0|59|3|5|7|5.7%|やや楽
area_compare,剣士,64,,,,,,,,,,,,砕けた望遠塔|59|+5|64|2|4|6|5.5%|敵弱い
area_compare,剣士,69,,,,,,,,,,,,砕けた望遠塔|59|+10|69|2|4|6|5.3%|敵弱い
area_compare,剣士,56,,,,,,,,,,,,鉄熱の補給路|61|-5|56|7|9|46|11.6%|やや厳しい
area_compare,剣士,61,,,,,,,,,,,,鉄熱の補給路|61|+0|61|7|9|43|10.8%|やや厳しい
area_compare,剣士,66,,,,,,,,,,,,鉄熱の補給路|61|+5|66|6|8|39|10.0%|適正
area_compare,剣士,71,,,,,,,,,,,,鉄熱の補給路|61|+10|71|6|8|37|9.5%|適正
area_compare,剣士,56,,,,,,,,,,,,星屑の実験室|61|-5|56|15|17|15|13.4%|敵強すぎ
area_compare,剣士,61,,,,,,,,,,,,星屑の実験室|61|+0|61|14|16|14|12.5%|敵強すぎ
area_compare,剣士,66,,,,,,,,,,,,星屑の実験室|61|+5|66|13|15|13|11.4%|敵強すぎ
area_compare,剣士,71,,,,,,,,,,,,星屑の実験室|61|+10|71|12|14|12|10.8%|敵強すぎ
area_compare,剣士,58,,,,,,,,,,,,天文記録室|63|-5|58|12|14|7|15.4%|敵強すぎ
area_compare,剣士,63,,,,,,,,,,,,天文記録室|63|+0|63|11|13|6|14.4%|敵強すぎ
area_compare,剣士,68,,,,,,,,,,,,天文記録室|63|+5|68|10|12|6|13.1%|敵強すぎ
area_compare,剣士,73,,,,,,,,,,,,天文記録室|63|+10|73|10|12|6|12.3%|敵強すぎ
area_compare,剣士,58,,,,,,,,,,,,ヴァルハラ外郭|63|-5|58|11|13|15|14.8%|敵強すぎ
area_compare,剣士,63,,,,,,,,,,,,ヴァルハラ外郭|63|+0|63|10|12|14|13.8%|敵強すぎ
area_compare,剣士,68,,,,,,,,,,,,ヴァルハラ外郭|63|+5|68|9|11|13|12.7%|やや厳しい
area_compare,剣士,73,,,,,,,,,,,,ヴァルハラ外郭|63|+10|73|9|11|13|12.0%|やや厳しい
area_compare,剣士,60,,,,,,,,,,,,落星孔|65|-5|60|48|50|57|32.5%|敵強すぎ
area_compare,剣士,65,,,,,,,,,,,,落星孔|65|+0|65|45|47|54|30.0%|敵強すぎ
area_compare,剣士,70,,,,,,,,,,,,落星孔|65|+5|70|41|43|49|27.0%|敵強すぎ
area_compare,剣士,75,,,,,,,,,,,,落星孔|65|+10|75|39|41|47|25.1%|敵強すぎ
area_compare,剣士,60,,,,,,,,,,,,機械兵格納庫|65|-5|60|7|9|35|11.0%|やや厳しい
area_compare,剣士,65,,,,,,,,,,,,機械兵格納庫|65|+0|65|6|8|33|10.3%|適正
area_compare,剣士,70,,,,,,,,,,,,機械兵格納庫|65|+5|70|6|8|31|9.6%|適正
area_compare,剣士,75,,,,,,,,,,,,機械兵格納庫|65|+10|75|6|8|29|9.2%|適正
area_compare,剣士,60,,,,,,,,,,,,空塞昇降路|65|-5|60|11|13|15|14.9%|敵強すぎ
area_compare,剣士,65,,,,,,,,,,,,空塞昇降路|65|+0|65|11|13|15|13.9%|敵強すぎ
area_compare,剣士,70,,,,,,,,,,,,空塞昇降路|65|+5|70|10|12|14|12.8%|敵強すぎ
area_compare,剣士,75,,,,,,,,,,,,空塞昇降路|65|+10|75|9|11|13|12.1%|やや厳しい
area_compare,剣士,62,,,,,,,,,,,,実験区画|67|-5|62|14|16|14|17.1%|敵強すぎ
area_compare,剣士,67,,,,,,,,,,,,実験区画|67|+0|67|13|15|13|15.9%|敵強すぎ
area_compare,剣士,72,,,,,,,,,,,,実験区画|67|+5|72|13|15|13|14.6%|敵強すぎ
area_compare,剣士,77,,,,,,,,,,,,実験区画|67|+10|77|12|14|12|13.7%|敵強すぎ
area_compare,剣士,62,,,,,,,,,,,,統治軍制御室|67|-5|62|10|12|35|14.0%|敵強すぎ
area_compare,剣士,67,,,,,,,,,,,,統治軍制御室|67|+0|67|10|12|32|13.1%|敵強すぎ
area_compare,剣士,72,,,,,,,,,,,,統治軍制御室|67|+5|72|9|11|30|12.1%|やや厳しい
area_compare,剣士,77,,,,,,,,,,,,統治軍制御室|67|+10|77|8|10|28|11.4%|やや厳しい
area_compare,剣士,64,,,,,,,,,,,,旧王の玉座|69|-5|64|54|56|54|15.3%|敵強すぎ
area_compare,剣士,69,,,,,,,,,,,,旧王の玉座|69|+0|69|51|53|51|14.3%|敵強すぎ
area_compare,剣士,74,,,,,,,,,,,,旧王の玉座|69|+5|74|47|49|47|13.1%|敵強すぎ
area_compare,剣士,79,,,,,,,,,,,,旧王の玉座|69|+10|79|45|47|45|12.4%|敵強すぎ
area_compare,剣士,66,,,,,,,,,,,,深層炉心|71|-5|66|101|103|33|40.6%|敵強すぎ
area_compare,剣士,71,,,,,,,,,,,,深層炉心|71|+0|71|96|98|31|37.5%|敵強すぎ
area_compare,剣士,76,,,,,,,,,,,,深層炉心|71|+5|76|88|90|28|33.9%|敵強すぎ
area_compare,剣士,81,,,,,,,,,,,,深層炉心|71|+10|81|84|86|27|31.7%|敵強すぎ
area_compare,剣士,66,,,,,,,,,,,,マキナの残響区画|71|-5|66|44|46|48|29.5%|敵強すぎ
area_compare,剣士,71,,,,,,,,,,,,マキナの残響区画|71|+0|71|41|43|45|27.3%|敵強すぎ
area_compare,剣士,76,,,,,,,,,,,,マキナの残響区画|71|+5|76|38|40|42|24.8%|敵強すぎ
area_compare,剣士,81,,,,,,,,,,,,マキナの残響区画|71|+10|81|37|39|41|23.2%|敵強すぎ