id,name,rarity,purpose,progressionTier,shouldDropInNormalPool,shouldDropInBossPool,shouldDropInRaidPool,sinkDescription,risk,notes
acc_black_lamp_ring,黒灯の指輪,SR,playable_gear,late,true,false,false,装備として装備/強化/覚醒,low,
acc_deep_gear_ring,深層炉の機構環,SSR,playable_gear,late_mid,true,true,false,装備として装備/強化/覚醒,high,
acc_mist_talisman,霧守りの護符,R,playable_gear,early,true,false,false,装備として装備/強化/覚醒,low,
acc_moon_pendant,月下のペンダント,SR,playable_gear,early,true,false,false,装備として装備/強化/覚醒,low,
acc_old_king_seal,旧王の印章,UR,playable_gear,raid,true,true,true,装備として装備/強化/覚醒,high,
acc_raid_random,残響の指輪,SSR,collection,raid,false,false,true,レイド収集・ランダムアクセ,medium,raid報酬専用
acc_silver_bracelet,白銀の腕輪,R,playable_gear,early,true,false,false,装備として装備/強化/覚醒,low,
acc_starfall_earring,星落ちの耳飾り,SSR,playable_gear,late,true,true,false,装備として装備/強化/覚醒,high,
acc_traveler_ring,旅人の指輪,N,playable_gear,early,true,false,false,装備として装備/強化/覚醒,low,
acc_traveler_talisman,旅人の護符,N,playable_gear,early,true,false,false,装備として装備/強化/覚醒,low,
acc_valhalla_necklace,ヴァルハラの首飾り,UR,playable_gear,raid,true,true,true,装備として装備/強化/覚醒,high,
arm_set_ash_crown_arms,灰冠篭手,SR,playable_gear,late_mid,true,false,false,装備として装備/強化/覚醒,low,
arm_set_ash_crown_body,灰冠鎧,SR,playable_gear,late_mid,true,false,false,装備として装備/強化/覚醒,low,
arm_set_ash_crown_feet,灰冠靴,SR,playable_gear,late_mid,true,false,false,装備として装備/強化/覚醒,low,
arm_set_ash_crown_head,灰冠兜,SR,playable_gear,late_mid,true,false,false,装備として装備/強化/覚醒,low,
arm_set_ash_crown_legs,灰冠腿当て,SR,playable_gear,late_mid,true,false,false,装備として装備/強化/覚醒,low,
arm_set_black_lamp_arms,黒灯篭手,SSR,playable_gear,mid,true,true,false,装備として装備/強化/覚醒,high,
arm_set_black_lamp_body,黒灯鎧,SSR,playable_gear,late,true,true,false,装備として装備/強化/覚醒,high,
arm_set_black_lamp_feet,黒灯靴,SSR,playable_gear,mid,true,true,false,装備として装備/強化/覚醒,high,
arm_set_black_lamp_head,黒灯兜,SSR,playable_gear,late,true,true,false,装備として装備/強化/覚醒,high,
arm_set_black_lamp_legs,黒灯腿当て,SSR,playable_gear,mid,true,true,false,装備として装備/強化/覚醒,high,
arm_set_deep_furnace_arms,深層炉篭手,SSR,playable_gear,late_mid,true,true,false,装備として装備/強化/覚醒,high,
arm_set_deep_furnace_body,深層炉鎧,SSR,playable_gear,late,true,true,false,装備として装備/強化/覚醒,high,
arm_set_deep_furnace_feet,深層炉靴,SSR,playable_gear,late,true,true,false,装備として装備/強化/覚醒,high,
arm_set_deep_furnace_head,深層炉兜,SSR,playable_gear,late,true,true,false,装備として装備/強化/覚醒,high,
arm_set_deep_furnace_legs,深層炉腿当て,SSR,playable_gear,late,true,true,false,装備として装備/強化/覚醒,high,
arm_set_dragonbone_arms,竜骨篭手,SR,playable_gear,late_mid,true,false,false,装備として装備/強化/覚醒,low,
arm_set_dragonbone_body,竜骨鎧,SR,playable_gear,late_mid,true,false,false,装備として装備/強化/覚醒,low,
arm_set_dragonbone_feet,竜骨靴,SR,playable_gear,late_mid,true,false,false,装備として装備/強化/覚醒,low,
arm_set_dragonbone_head,竜骨兜,SR,playable_gear,late_mid,true,false,false,装備として装備/強化/覚醒,low,
arm_set_dragonbone_legs,竜骨腿当て,SR,playable_gear,late_mid,true,false,false,装備として装備/強化/覚醒,low,
arm_set_glass_arms,硝子沼篭手,SR,playable_gear,late_mid,true,false,false,装備として装備/強化/覚醒,low,
arm_set_glass_body,硝子沼鎧,SR,playable_gear,late_mid,true,false,false,装備として装備/強化/覚醒,low,
arm_set_glass_feet,硝子沼靴,SR,playable_gear,late_mid,true,false,false,装備として装備/強化/覚醒,low,
arm_set_glass_head,硝子沼兜,SR,playable_gear,late_mid,true,false,false,装備として装備/強化/覚醒,low,
arm_set_glass_legs,硝子沼腿当て,SR,playable_gear,late_mid,true,false,false,装備として装備/強化/覚醒,low,
arm_set_iron_snow_arms,鉄雪篭手,SSR,playable_gear,valhalla,true,true,false,装備として装備/強化/覚醒,high,
arm_set_iron_snow_body,鉄雪鎧,SSR,playable_gear,valhalla,true,true,false,装備として装備/強化/覚醒,high,
arm_set_iron_snow_feet,鉄雪靴,SSR,playable_gear,valhalla,true,true,false,装備として装備/強化/覚醒,high,
arm_set_iron_snow_head,鉄雪兜,SSR,playable_gear,valhalla,true,true,false,装備として装備/強化/覚醒,high,
arm_set_iron_snow_legs,鉄雪腿当て,SSR,playable_gear,valhalla,true,true,false,装備として装備/強化/覚醒,high,
arm_set_mist_arms,霧守り篭手,R,playable_gear,early,true,false,false,装備として装備/強化/覚醒,low,
arm_set_mist_body,霧守り鎧,R,playable_gear,mid,true,false,false,装備として装備/強化/覚醒,low,
arm_set_mist_feet,霧守り靴,R,playable_gear,mid,true,false,false,装備として装備/強化/覚醒,low,
arm_set_mist_head,霧守り兜,R,playable_gear,mid,true,false,false,装備として装備/強化/覚醒,low,
arm_set_mist_legs,霧守り腿当て,R,playable_gear,early,true,false,false,装備として装備/強化/覚醒,low,
arm_set_moon_arms,月下篭手,SR,playable_gear,mid,true,false,false,装備として装備/強化/覚醒,low,
arm_set_moon_body,月下鎧,SR,playable_gear,mid,true,false,false,装備として装備/強化/覚醒,low,
arm_set_moon_feet,月下靴,SR,playable_gear,late_mid,true,false,false,装備として装備/強化/覚醒,low,
arm_set_moon_head,月下兜,SR,playable_gear,mid,true,false,false,装備として装備/強化/覚醒,low,
arm_set_moon_legs,月下腿当て,SR,playable_gear,mid,true,false,false,装備として装備/強化/覚醒,low,
arm_set_old_king_arms,旧王篭手,UR,playable_gear,raid,true,true,true,装備として装備/強化/覚醒,high,
arm_set_old_king_body,旧王鎧,UR,playable_gear,raid,true,true,true,装備として装備/強化/覚醒,high,
arm_set_old_king_feet,旧王靴,UR,playable_gear,raid,true,true,true,装備として装備/強化/覚醒,high,
arm_set_old_king_head,旧王兜,UR,playable_gear,raid,true,true,true,装備として装備/強化/覚醒,high,
arm_set_old_king_legs,旧王腿当て,UR,playable_gear,raid,true,true,true,装備として装備/強化/覚醒,high,
arm_set_old_road_arms,古道篭手,R,playable_gear,early,true,false,false,装備として装備/強化/覚醒,low,
arm_set_old_road_body,古道鎧,R,playable_gear,early,true,false,false,装備として装備/強化/覚醒,low,
arm_set_old_road_feet,古道靴,R,playable_gear,early,true,false,false,装備として装備/強化/覚醒,low,
arm_set_old_road_head,古道兜,R,playable_gear,early,true,false,false,装備として装備/強化/覚醒,low,
arm_set_old_road_legs,古道腿当て,R,playable_gear,early,true,false,false,装備として装備/強化/覚醒,low,
arm_set_rain_arms,雨音篭手,R,playable_gear,early,true,false,false,装備として装備/強化/覚醒,low,
arm_set_rain_body,雨音鎧,R,playable_gear,early,true,false,false,装備として装備/強化/覚醒,low,
arm_set_rain_feet,雨音靴,R,playable_gear,early,true,false,false,装備として装備/強化/覚醒,low,
arm_set_rain_head,雨音兜,R,playable_gear,early,true,false,false,装備として装備/強化/覚醒,low,
arm_set_rain_legs,雨音腿当て,R,playable_gear,early,true,false,false,装備として装備/強化/覚醒,low,
arm_set_red_ash_arms,赤灰篭手,SR,playable_gear,late_mid,true,false,false,装備として装備/強化/覚醒,low,
arm_set_red_ash_body,赤灰鎧,SR,playable_gear,late_mid,true,false,false,装備として装備/強化/覚醒,low,
arm_set_red_ash_feet,赤灰靴,SR,playable_gear,late_mid,true,false,false,装備として装備/強化/覚醒,low,
arm_set_red_ash_head,赤灰兜,SR,playable_gear,late_mid,true,false,false,装備として装備/強化/覚醒,low,
arm_set_red_ash_legs,赤灰腿当て,SR,playable_gear,late_mid,true,false,false,装備として装備/強化/覚醒,low,
arm_set_silence_arms,沈黙篭手,SR,playable_gear,late_mid,true,false,false,装備として装備/強化/覚醒,low,
arm_set_silence_body,沈黙鎧,SR,playable_gear,late_mid,true,false,false,装備として装備/強化/覚醒,low,
arm_set_silence_feet,沈黙靴,SR,playable_gear,late_mid,true,false,false,装備として装備/強化/覚醒,low,
arm_set_silence_head,沈黙兜,SR,playable_gear,late_mid,true,false,false,装備として装備/強化/覚醒,low,
arm_set_silence_legs,沈黙腿当て,SR,playable_gear,late,true,false,false,装備として装備/強化/覚醒,low,
arm_set_silver_arms,白銀篭手,R,playable_gear,early,true,false,false,装備として装備/強化/覚醒,low,
arm_set_silver_body,白銀鎧,R,playable_gear,early,true,false,false,装備として装備/強化/覚醒,low,
arm_set_silver_feet,白銀靴,R,playable_gear,mid,true,false,false,装備として装備/強化/覚醒,low,
arm_set_silver_head,白銀兜,R,playable_gear,early,true,false,false,装備として装備/強化/覚醒,low,
arm_set_silver_legs,白銀腿当て,R,playable_gear,early,true,false,false,装備として装備/強化/覚醒,low,
arm_set_starfall_arms,星落ち篭手,SSR,playable_gear,late,true,true,false,装備として装備/強化/覚醒,high,
arm_set_starfall_body,星落ち鎧,SSR,playable_gear,valhalla,true,true,false,装備として装備/強化/覚醒,high,
arm_set_starfall_feet,星落ち靴,SSR,playable_gear,late,true,true,false,装備として装備/強化/覚醒,high,
arm_set_starfall_head,星落ち兜,SSR,playable_gear,late,true,true,false,装備として装備/強化/覚醒,high,
arm_set_starfall_legs,星落ち腿当て,SSR,playable_gear,valhalla,true,true,false,装備として装備/強化/覚醒,high,
arm_set_starfield_arms,星原篭手,R,playable_gear,early,true,false,false,装備として装備/強化/覚醒,low,
arm_set_starfield_body,星原鎧,R,playable_gear,early,true,false,false,装備として装備/強化/覚醒,low,
arm_set_starfield_feet,星原靴,R,playable_gear,early,true,false,false,装備として装備/強化/覚醒,low,
arm_set_starfield_head,星原兜,R,playable_gear,early,true,false,false,装備として装備/強化/覚醒,low,
arm_set_starfield_legs,星原腿当て,R,playable_gear,early,true,false,false,装備として装備/強化/覚醒,low,
arm_set_twilight_arms,薄明篭手,R,playable_gear,early,true,false,false,装備として装備/強化/覚醒,low,
arm_set_twilight_body,薄明鎧,R,playable_gear,early,true,false,false,装備として装備/強化/覚醒,low,
arm_set_twilight_feet,薄明靴,R,playable_gear,early,true,false,false,装備として装備/強化/覚醒,low,
arm_set_twilight_head,薄明兜,R,playable_gear,early,true,false,false,装備として装備/強化/覚醒,low,
arm_set_twilight_legs,薄明腿当て,R,playable_gear,early,true,false,false,装備として装備/強化/覚醒,low,
arm_set_valhalla_arms,ヴァルハラ篭手,UR,playable_gear,raid,true,true,true,装備として装備/強化/覚醒,high,
arm_set_valhalla_body,ヴァルハラ鎧,UR,playable_gear,raid,true,true,true,装備として装備/強化/覚醒,high,
arm_set_valhalla_feet,ヴァルハラ靴,UR,playable_gear,raid,true,true,true,装備として装備/強化/覚醒,high,
arm_set_valhalla_head,ヴァルハラ兜,UR,playable_gear,raid,true,true,true,装備として装備/強化/覚醒,high,
arm_set_valhalla_legs,ヴァルハラ腿当て,UR,playable_gear,raid,true,true,true,装備として装備/強化/覚醒,high,
boss_ash_knight,灰冠騎士の紋章,SSR,src_material,late,false,true,false,ボス/再戦専用素材,high,
boss_black_iron,黒鉄処刑人の鎖,SSR,src_material,late,false,true,false,ボス/再戦専用素材,high,
boss_dragon_fang,竜鳴きの牙,SSR,src_material,late,false,true,false,ボス/再戦専用素材,high,
boss_furnace_core,炉熱の番人核,UR,src_material,late,false,true,false,ボス/再戦専用素材,high,
boss_silent_page,無答の守護者の頁,UR,src_material,valhalla,false,true,false,Src最終強化・UR覚醒・特性保護・UR抽選（ヴァルハラ最上位触媒）,high,無答の守護者/ヴァルハラボス専用。通常探索から除外
boss_tree_heart,古樹の心材,SR,src_material,late,false,true,false,ボス/再戦専用素材,high,
cons_antidote,解毒薬,N,consumable,early,true,false,false,戦闘/探索で消費,low,
cons_grind_powder,研磨粉,R,consumable,early,true,false,false,戦闘/探索で消費,low,
cons_heal_large,大回復薬,SR,consumable,early,true,false,false,戦闘/探索で消費,low,
cons_heal_medium,中回復薬,R,consumable,early,true,false,false,戦闘/探索で消費,low,
cons_heal_potion,回復薬,N,consumable,early,true,false,false,戦闘/探索で消費,low,
cons_lamp_bottle,灯火の小瓶,R,consumable,early,true,false,false,戦闘/探索で消費,low,
cons_mana_drop,小さなマナ雫,N,consumable,early,true,false,false,戦闘/探索で消費,low,
cons_mana_flask,マナ霊瓶,SR,consumable,early,true,false,false,戦闘/探索で消費,low,
cons_mana_valhalla,ヴァルハラの青霊薬,UR,consumable,early,true,false,false,戦闘/探索で消費,low,
cons_mana_vial,マナ小瓶,R,consumable,early,true,false,false,戦闘/探索で消費,low,
cons_pilgrim_charm,巡礼者の護符,SR,consumable,late_mid,true,false,false,戦闘/探索で消費,low,
cons_rescue_signal,救難信号片,R,consumable,early,true,false,false,戦闘/探索で消費,low,
cons_smoke_bomb,煙玉,R,consumable,early,true,false,false,戦闘/探索で消費,low,
cons_status_cure,万能解毒薬,R,consumable,early,true,false,false,戦闘/探索で消費,low,
dism_ash_steel,灰冠鋼片,SR,set_material,early,true,false,false,セット装備分解/作成,low,
dism_deep_core,深層炉心片,SSR,set_material,early,true,false,false,セット装備分解/作成,low,
dism_mist_thread,霧守りの縫糸,R,set_material,early,true,false,false,セット装備分解/作成,low,
dism_moon_fiber,月下繊維,SR,set_material,early,true,false,false,セット装備分解/作成,low,
dism_old_king,旧王の装甲片,UR,set_material,early,true,false,false,セット装備分解/作成,low,
dism_old_leather,古びた革紐,N,set_material,early,true,false,false,セット装備分解/作成,low,
dism_rust_iron,錆びた鉄片,N,set_material,early,true,false,false,セット装備分解/作成,low,
dism_silver_plate,白銀装甲片,R,set_material,early,true,false,false,セット装備分解/作成,low,
dism_starfield_cloth,星原布片,R,set_material,early,true,false,false,セット装備分解/作成,low,
dism_torn_cloth,破れた布片,N,set_material,early,true,false,false,セット装備分解/作成,low,
mat_affix_reroll_assist,特性再抽選の触媒,UR,reserved_future,valhalla,false,true,false,特性再抽選補助（将来）,medium,ヴァルハラボス低確率
mat_affix_slot_protect,特性保護の触媒,UR,reserved_future,valhalla,false,false,false,特性1枠保護（徽章交換300+頁1・将来）,high,交換所のみ・ドロップなし
mat_ash_crest,灰冠の紋章片,SSR,enhance_material,late_mid,true,false,false,装備強化/作成素材,low,
mat_ash_fist_bone,灰拳の骨片,SSR,enhance_material,early,false,true,false,装備強化/作成素材,medium,深層炉前哨・炉熱の番人（初回1個/再戦28%→16種）
mat_ash_mirror_fragment,灰鏡の欠片,SR,enhance_material,early,false,true,false,装備強化/作成素材,medium,深層炉前哨・炉熱の番人（初回1個/再戦28%→16種）
mat_ash_star_magic_core,灰星の魔核,SR,enhance_material,early,false,true,false,装備強化/作成素材,medium,深層炉前哨・炉熱の番人（初回1個/再戦28%→16種）
mat_beast_fang,獣の牙,N,enhance_material,early,true,false,false,装備強化/作成素材,low,
mat_beast_hide,獣皮,N,enhance_material,early,true,false,false,装備強化/作成素材,low,
mat_black_fox_clawmark,黒狐の爪痕,SSR,enhance_material,early,false,true,false,装備強化/作成素材,medium,深層炉前哨・炉熱の番人（初回1個/再戦28%→16種）
mat_black_iron_powder_case,黒鉄の火薬筒,SR,enhance_material,early,false,true,false,装備強化/作成素材,medium,深層炉前哨・炉熱の番人（初回1個/再戦28%→16種）
mat_black_lantern_cinder,黒灯の残滓,SSR,legacy,none,false,false,false,旧仕様。既存所持のみ,low,reserved_future→legacy
mat_cloth_scrap,布切れ,N,enhance_material,early,true,false,false,装備強化/作成素材,low,
mat_cracked_bone,ひび割れた骨,N,enhance_material,early,true,false,false,装備強化/作成素材,low,
mat_deep_furnace_gear,深層炉の歯車,SR,enhance_material,early,false,true,false,装備強化/作成素材,medium,深層炉前哨・炉熱の番人（初回1個/再戦28%→16種）
mat_deep_soot,深層炉の煤,UR,enhance_material,late_mid,true,false,false,装備強化/作成素材,low,
mat_dragonbone,竜骨片,SSR,enhance_material,late_mid,true,false,false,装備強化/作成素材,low,
mat_dry_herb,乾いた薬草,N,enhance_material,early,true,false,false,装備強化/作成素材,low,
mat_echo_bowstring,残響の弦糸,SR,enhance_material,early,false,true,false,装備強化/作成素材,medium,深層炉前哨・炉熱の番人（初回1個/再戦28%→16種）
mat_forgotten_sand,忘却の黒砂,SR,enhance_material,mid,true,false,false,装備強化/作成素材,low,
mat_hourglass_shard,砂時計の欠片,SR,enhance_material,mid,true,false,false,装備強化/作成素材,low,
mat_iron_scrap,鉄片,N,enhance_material,early,true,false,false,装備強化/作成素材,low,
mat_lampkeeper_holy_oil,灯守の聖油,SR,enhance_material,early,false,true,false,装備強化/作成素材,medium,深層炉前哨・炉熱の番人（初回1個/再戦28%→16種）
mat_mist_lantern_stardust,霧灯の星砂,SR,enhance_material,early,false,true,false,装備強化/作成素材,medium,深層炉前哨・炉熱の番人（初回1個/再戦28%→16種）
mat_mist_leaf,霧守りの葉,R,enhance_material,early,true,false,false,装備強化/作成素材,low,
mat_moon_arrowhead,月弓の鏃,SR,enhance_material,early,false,true,false,装備強化/作成素材,medium,深層炉前哨・炉熱の番人（初回1個/再戦28%→16種）
mat_moon_ink,月下インク,SR,enhance_material,mid,true,false,false,装備強化/作成素材,low,
mat_old_furnace_hammer_core,古炉の鎚芯,SR,enhance_material,early,false,true,false,装備強化/作成素材,medium,深層炉前哨・炉熱の番人（初回1個/再戦28%→16種）
mat_old_wood,古材,N,enhance_material,early,true,false,false,装備強化/作成素材,low,
mat_pilgrim_prayer_cloth,巡礼祈祷布,SR,enhance_material,early,false,true,false,装備強化/作成素材,medium,深層炉前哨・炉熱の番人（初回1個/再戦28%→16種）
mat_shadowstep_black_thread,影渡りの黒糸,SR,enhance_material,early,false,true,false,装備強化/作成素材,medium,深層炉前哨・炉熱の番人（初回1個/再戦28%→16種）
mat_silent_holy,沈黙の聖水,SSR,enhance_material,late_mid,true,false,false,装備強化/作成素材,low,
mat_silver_castle_core,白銀の城核,SR,enhance_material,early,false,true,false,装備強化/作成素材,medium,深層炉前哨・炉熱の番人（初回1個/再戦28%→16種）
mat_silver_ore,白銀鉱石,R,enhance_material,early,true,false,false,装備強化/作成素材,low,
mat_small_mana,小さな魔石,N,enhance_material,early,true,false,false,装備強化/作成素材,low,
mat_star_pilgrim_echo,星巡の残響,UR,kai_material,valhalla,false,false,false,Kai/Uni変質,medium,終盤変質
mat_starfall_obsidian,星見の残光,SSR,legacy,none,false,false,false,旧仕様。既存所持のみ,low,reserved_future→legacy
mat_starfall_shard,星落ちの破片,UR,enhance_material,late,true,false,false,装備強化/作成素材,low,
mat_starfield_grass,星原草,N,enhance_material,early,true,false,false,装備強化/作成素材,low,
mat_starfield_old_steel,星原の古鋼,SR,enhance_material,early,false,true,false,装備強化/作成素材,medium,深層炉前哨・炉熱の番人（初回1個/再戦28%→16種）
mat_twilight_blade_shard,黄昏の剣片,SR,enhance_material,early,false,true,false,装備強化/作成素材,medium,深層炉前哨・炉熱の番人（初回1個/再戦28%→16種）
mat_twilight_shell,薄明の貝殻,R,enhance_material,early,true,false,false,装備強化/作成素材,low,
mat_ur_lottery_shard,UR抽選の欠片,UR,reserved_future,valhalla,false,true,false,UR抽選箱（将来）,medium,ヴァルハラボス低確率・徽章交換150+頁3
mat_valhalla_plate,ヴァルハラ装甲片,UR,enhance_material,early,true,false,false,装備強化/作成素材,low,
raid_control_chip,旧統治軍制御片,UR,raid_material,raid,false,false,true,レイド/協力報酬,medium,
raid_deep_core,深層炉心核片,UR,raid_material,raid,false,false,true,レイド/協力報酬,medium,
raid_furnace_unit,炉心防衛ユニット核,UR,raid_material,raid,false,false,true,レイド/協力報酬,medium,
raid_machina_echo,マキナの残響片,UR,raid_material,raid,false,false,true,レイド/協力報酬,medium,
raid_old_king_film,旧王の影片,UR,raid_material,raid,false,false,true,レイド/協力報酬,medium,
raid_sky_core,空塞機兵の中枢,UR,raid_material,raid,false,false,true,レイド/協力報酬,medium,
raid_valhalla_plate,ヴァルハラ装甲片,UR,raid_material,raid,false,false,true,レイド/協力報酬,medium,
rep_deep_repair,深層修復材,UR,repair_material,early,true,false,false,装備修理,low,
rep_oil,鍛冶油,R,repair_material,early,true,false,false,装備修理,low,
rep_patch,補修布,N,repair_material,early,true,false,false,装備修理,low,
rep_polish,研磨剤,R,repair_material,early,true,false,false,装備修理,low,
rep_silver_clip,白銀の留め具,SR,repair_material,early,true,false,false,装備修理,low,
src_ash_star,灰星結晶,UR,src_material,valhalla,true,false,true,Src変質,medium,
src_bind_thread,繋ぎ糸の断片,SR,src_material,valhalla,true,false,true,Src変質,medium,
src_deep_crystal,深層炉心結晶,UR,src_material,valhalla,true,false,true,Src変質,medium,
src_deep_furnace,深層炉核,UR,src_material,valhalla,true,false,true,Src変質,medium,
src_echo_core,残響核,SSR,src_material,valhalla,true,false,true,Src変質,medium,
src_lamp_core,灯火核,SSR,src_material,valhalla,true,false,true,Src変質,medium,
src_machina_core,マキナ残響核,Src,src_material,valhalla,true,false,true,Src変質素材,medium,
src_mirror_crystal,灰鏡結晶,UR,src_material,valhalla,true,false,true,Src変質,medium,
src_mirror_shard,灰鏡片,UR,src_material,valhalla,true,false,true,Src変質,medium,
src_old_king_echo,旧王の残響核,Src,src_material,valhalla,true,false,true,Src変質素材,medium,
src_old_king_mark,古王の印,UR,src_material,valhalla,true,false,true,Src変質,medium,
src_primordial,原初刻印の欠片,SSR,src_material,valhalla,true,false,true,Src変質,medium,
src_primordial_full,原初刻印,Src,src_material,valhalla,true,false,true,Src変質,medium,
src_silence_tune,静寂の調律片,SSR,src_material,valhalla,true,false,true,Src変質,medium,
src_star_mark,星印の欠片,SSR,src_material,valhalla,true,false,true,Src変質,medium,
src_star_mark_full,完全な星印,Src,src_material,valhalla,true,false,true,Src変質素材,medium,
src_star_scar_crystal,星痕結晶,UR,src_material,valhalla,true,false,true,Src変質,medium,
src_upg_core,Src強化核,SSR,src_material,valhalla,true,false,true,Src変質,medium,
src_upg_shard,Src強化片,SR,src_material,valhalla,true,false,true,Src変質,medium,
src_valhalla_core,ヴァルハラ炉心核,Src,src_material,valhalla,true,false,true,Src変質素材,medium,
upg_deep_core_stone,深層強化核,UR,enhance_material,early,true,false,false,装備強化,low,
upg_fine_stone,上質な強化石,SR,enhance_material,mid,true,false,false,装備強化,low,
upg_old_king_stone,古王の強化石,UR,enhance_material,early,true,false,false,装備強化,low,
upg_rare_stone,希少強化石,SSR,enhance_material,late_mid,true,false,false,装備強化,low,
upg_rough_stone,粗い強化石,N,enhance_material,early,true,false,false,装備強化,low,
upg_stone,強化石,R,enhance_material,early,true,false,false,装備強化,low,
valhalla_emblem,ヴァルハラ徽章,UR,currency_like,valhalla,false,true,false,ヴァルハラ徽章交換所（UI未実装）,low,ヴァルハラボス周回確定報酬
wpn_apprentice_staff,見習い杖,N,playable_gear,early,true,false,false,装備として装備/強化/覚醒,low,
wpn_ash_knight_shield,灰騎士の大盾,SR,playable_gear,late_mid,true,false,false,装備として装備/強化/覚醒,low,
wpn_ash_knight_sword,灰冠騎士剣,SSR,playable_gear,late_mid,true,true,false,装備として装備/強化/覚醒,high,
wpn_ash_spear,灰冠の槍,R,playable_gear,mid,true,false,false,装備として装備/強化/覚醒,low,
wpn_ash_wing_twin,灰翼の双刃,UR,playable_gear,raid,true,true,true,装備として装備/強化/覚醒,high,
wpn_black_exec_blade,黒灯の処刑刃,SR,playable_gear,mid,true,false,false,装備として装備/強化/覚醒,low,
wpn_black_exec_sword,黒灯処刑剣,UR,playable_gear,raid,true,true,true,装備として装備/強化/覚醒,high,
wpn_black_iron_blade,黒鉄の処刑刃,SSR,playable_gear,mid,true,true,false,装備として装備/強化/覚醒,high,
wpn_black_lamp_twin,黒灯りの双刃,R,playable_gear,mid,true,false,false,装備として装備/強化/覚醒,low,
wpn_broken_wrap,欠けた拳帯,N,playable_gear,early,true,false,false,装備として装備/強化/覚醒,low,
wpn_core_spear_grau,炉心槍グラウ,UR,playable_gear,raid,true,true,true,装備として装備/強化/覚醒,high,
wpn_cracked_axe,ひび割れた斧,N,playable_gear,early,true,false,false,装備として装備/強化/覚醒,low,
wpn_crude_spear,粗末な槍,N,playable_gear,early,true,false,false,装備として装備/強化/覚醒,low,
wpn_deep_cannon,深層機構砲,SSR,playable_gear,late_mid,true,true,false,装備として装備/強化/覚醒,high,
wpn_deep_cannon_regin,深層砲レギン,UR,playable_gear,raid,true,true,true,装備として装備/強化/覚醒,high,
wpn_dragon_fist,竜骨の拳甲,R,playable_gear,mid,true,false,false,装備として装備/強化/覚醒,low,
wpn_dragon_fist_sr,竜骨の拳甲,SR,playable_gear,late_mid,true,false,false,装備として装備/強化/覚醒,low,
wpn_dragon_pierce,竜骨穿槍,SSR,playable_gear,late_mid,true,true,false,装備として装備/強化/覚醒,high,
wpn_glass_blade,硝子沼の刃,R,playable_gear,mid,true,false,false,装備として装備/強化/覚醒,low,
wpn_hollow_bell_bow,空鐘の弓,SSR,playable_gear,valhalla,true,true,false,装備として装備/強化/覚醒,high,
wpn_iron_scrap_barrel,鉄屑の砲筒,N,playable_gear,mid,true,false,false,装備として装備/強化/覚醒,low,
wpn_iron_snow_greatshield,鉄雪大盾,SSR,playable_gear,valhalla,true,true,false,装備として装備/強化/覚醒,high,
wpn_iron_snow_king_shield,鉄雪王盾,UR,playable_gear,raid,true,true,true,装備として装備/強化/覚醒,high,
wpn_iron_snow_shield,鉄雪の盾,R,playable_gear,late,true,false,false,装備として装備/強化/覚醒,low,
wpn_leather_gauntlet,皮巻きの拳甲,N,playable_gear,early,true,false,false,装備として装備/強化/覚醒,low,
wpn_mini_cannon,小型機工砲,N,playable_gear,early,true,false,false,装備として装備/強化/覚醒,low,
wpn_mist_bow_sr,霧払いの弓,SR,playable_gear,late_mid,true,false,false,装備として装備/強化/覚醒,low,
wpn_mist_staff,霧払いの杖,R,playable_gear,early,true,false,false,装備として装備/強化/覚醒,low,
wpn_moon_rod,月読の短杖,R,playable_gear,mid,true,false,false,装備として装備/強化/覚醒,low,
wpn_moon_spell_staff,月下術杖,SSR,playable_gear,late_mid,true,true,false,装備として装備/強化/覚醒,high,
wpn_moon_staff_sr,月読の杖,SR,playable_gear,mid,true,false,false,装備として装備/強化/覚醒,low,
wpn_old_bow,古い弓,N,playable_gear,early,true,false,false,装備として装備/強化/覚醒,low,
wpn_old_king_staff,旧王の魔杖,UR,playable_gear,raid,true,true,true,装備として装備/強化/覚醒,high,
wpn_old_road_dagger,古道の短剣,R,playable_gear,early,true,false,false,装備として装備/強化/覚醒,low,
wpn_old_road_knife,古道のナイフ,N,playable_gear,early,true,false,false,装備として装備/強化/覚醒,low,
wpn_prayer_robe_weapon,祈り縫いの聖衣,SSR,playable_gear,late_mid,true,true,false,装備として装備/強化/覚醒,high,
wpn_prayer_rod,祈りの短杖,N,playable_gear,early,true,false,false,装備として装備/強化/覚醒,low,
wpn_rain_bow,雨濡れの弓,N,playable_gear,early,true,false,false,装備として装備/強化/覚醒,low,
wpn_red_ash_axe,赤灰の斧,R,playable_gear,mid,true,false,false,装備として装備/強化/覚醒,low,
wpn_red_ash_axe_sr,赤灰の戦斧,SR,playable_gear,late_mid,true,false,false,装備として装備/強化/覚醒,low,
wpn_rust_dagger,錆びた短剣,N,playable_gear,early,true,false,false,装備として装備/強化/覚醒,low,
wpn_silence_seal,沈黙の聖印,R,playable_gear,late_mid,true,false,false,装備として装備/強化/覚醒,low,
wpn_silence_seal_sr,沈黙の聖印,SR,playable_gear,late_mid,true,false,false,装備として装備/強化/覚醒,low,
wpn_silver_hammer,白銀の槌,R,playable_gear,early,true,false,false,装備として装備/強化/覚醒,low,
wpn_sky_bow_fress,空塞弓フレス,UR,playable_gear,raid,true,true,true,装備として装備/強化/覚醒,high,
wpn_src_bind,Src: 繋ぎ糸,Src,playable_gear,early,false,false,false,装備として装備/強化/覚醒,low,
wpn_src_black_fox,Src: 黒狐刃,Src,playable_gear,early,false,false,false,装備として装備/強化/覚醒,low,
wpn_src_deep,Src: 深層砲,Src,playable_gear,early,false,false,false,装備として装備/強化/覚醒,low,
wpn_src_echo,Src: 残響弓,Src,playable_gear,early,false,false,false,装備として装備/強化/覚醒,low,
wpn_src_lamp,Src: 灯火杖,Src,playable_gear,early,false,false,false,装備として装備/強化/覚醒,low,
wpn_src_mirror,Src: 灰鏡刀,Src,playable_gear,early,false,false,false,装備として装備/強化/覚醒,low,
wpn_src_mist_lantern,Src: 霧灯星杖,Src,playable_gear,early,false,false,false,装備として装備/強化/覚醒,low,
wpn_src_old_shield,Src: 古王盾,Src,playable_gear,early,false,false,false,装備として装備/強化/覚醒,low,
wpn_src_silence,Src: 静寂聖印,Src,playable_gear,early,false,false,false,装備として装備/強化/覚醒,low,
wpn_src_silver,Src: 白銀槌,Src,playable_gear,early,false,false,false,装備として装備/強化/覚醒,low,
wpn_src_star_scar,Src: 星痕槍,Src,playable_gear,early,false,false,false,装備として装備/強化/覚醒,low,
wpn_src_tuner,Src: 調律器,Src,playable_gear,early,false,false,false,装備として装備/強化/覚醒,low,
wpn_src_twilight,Src: 黄昏剣,Src,playable_gear,early,false,false,false,装備として装備/強化/覚醒,low,
wpn_starfall_judge,星落ちの裁杖,UR,playable_gear,raid,true,true,true,装備として装備/強化/覚醒,high,
wpn_starfall_spear,星落ちの槍,SR,playable_gear,late_mid,true,false,false,装備として装備/強化/覚醒,low,
wpn_starfield_sword,星原の剣,R,playable_gear,early,true,false,false,装備として装備/強化/覚醒,low,
wpn_training_hammer,訓練用槌,N,playable_gear,early,true,false,false,装備として装備/強化/覚醒,low,
wpn_training_shield,訓練用大盾,N,playable_gear,early,true,false,false,装備として装備/強化/覚醒,low,
wpn_traveler_sword,旅人の剣,N,playable_gear,early,true,false,false,装備として装備/強化/覚醒,low,
wpn_twilight_bow,薄明の弓,R,playable_gear,early,true,false,false,装備として装備/強化/覚醒,low,
wpn_unique_bind,古びた繋ぎ糸,Uni,playable_gear,early,false,false,false,装備として装備/強化/覚醒,low,
wpn_unique_black_fox,黒狐の短刃,Uni,playable_gear,early,false,false,false,装備として装備/強化/覚醒,low,
wpn_unique_deep,深層の砲筒,Uni,playable_gear,late,false,false,false,装備として装備/強化/覚醒,low,
wpn_unique_echo,残響の古弓,Uni,playable_gear,early,false,false,false,装備として装備/強化/覚醒,low,
wpn_unique_lamp,灯火の古杖,Uni,playable_gear,early,false,false,false,装備として装備/強化/覚醒,low,
wpn_unique_mirror,灰鏡の刀,Uni,playable_gear,early,false,false,false,装備として装備/強化/覚醒,low,
wpn_unique_mist_lantern,霧灯の星杖,Uni,playable_gear,early,false,false,false,装備として装備/強化/覚醒,low,
wpn_unique_old_hammer,古炉の訓練槌,Uni,playable_gear,early,false,false,false,装備として装備/強化/覚醒,low,
wpn_unique_old_shield,古王の割盾,Uni,playable_gear,early,false,false,false,装備として装備/強化/覚醒,low,
wpn_unique_silence,静寂の聖印,SR,legacy,none,false,false,false,旧Uni武器。DB残存のみ,low,Phase2.1 excluded
wpn_unique_silver,白銀の古槌,Uni,playable_gear,early,false,false,false,装備として装備/強化/覚醒,low,
wpn_unique_star_scar,星痕の古槍,Uni,playable_gear,early,false,false,false,装備として装備/強化/覚醒,low,
wpn_unique_tuner,壊れた調律器,Uni,playable_gear,early,false,false,false,装備として装備/強化/覚醒,low,
wpn_unique_twilight,黄昏の古剣,Uni,playable_gear,early,false,false,false,装備として装備/強化/覚醒,low,
wpn_valhalla_blade,ヴァルハラ・ブレード,UR,playable_gear,raid,true,true,true,装備として装備/強化/覚醒,high,
wpn_wood_axe,木こりの斧,N,playable_gear,early,true,false,false,装備として装備/強化/覚醒,low,
wpn_zero_shield,統治軍制式大盾・零式,UR,playable_gear,raid,true,true,true,装備として装備/強化/覚醒,high,