target_id,target_name,target_type,rarity,purpose,route_type,area_id,area_name,town,rank,min_level,enemy_id,enemy_name,pool,weight,drop_rate,estimated_rate_per_100,first_clear_guaranteed,repeatable,notes
boss_silent_page,無答の守護者の頁,item,UR,,boss,,,,,,,,boss_victory:mon_silent_guardian(初回100%/再戦4%),0 (boss only),,1.6/100 low,,YES,maintain
wpn_black_iron_blade,黒鉄の処刑刃,item,SSR,,area,,,,,,,,area:黒鉄鉱脈(silver_mine),3.92,,0.11/100 trace,,YES,maintain
mat_starfield_grass,星原草,area_material,N,enhance_material,explore_pool,area_star_outskirts,星原の外れ,はじまりの星原,1,1,,,area:area_star_outskirts,41.76,,8.0/100 mid,,YES,
mat_iron_scrap,鉄片,common_material,N,enhance_material,explore_pool,area_star_outskirts,星原の外れ,はじまりの星原,1,1,,,area:area_star_outskirts,29.759999999999998,,8.5/100 mid,,YES,
wpn_wood_axe,木こりの斧,equipment,N,playable_gear,explore_pool,area_star_outskirts,星原の外れ,はじまりの星原,1,1,,,area:area_star_outskirts,9.28,,0.54/100 trace,,YES,
mat_starfield_grass,星原草,area_material,N,enhance_material,explore_pool,area_star_dust_path,星屑の草道,はじまりの星原,2,2,,,area:area_star_dust_path,41.76,,8.0/100 mid,,YES,
mat_cloth_scrap,布切れ,common_material,N,enhance_material,explore_pool,area_star_dust_path,星屑の草道,はじまりの星原,2,2,,,area:area_star_dust_path,44.64,,8.5/100 mid,,YES,
wpn_starfield_sword,星原の剣,equipment,R,playable_gear,explore_pool,area_star_dust_path,星屑の草道,はじまりの星原,2,2,,,area:area_star_dust_path,9.28,,1.4/100 low,,YES,
arm_set_starfield_head,星原兜,equipment,R,playable_gear,explore_pool,area_star_dust_path,星屑の草道,はじまりの星原,2,2,,,area:area_star_dust_path,9.28,,0.81/100 trace,,YES,
wpn_traveler_sword,旅人の剣,equipment,N,playable_gear,explore_pool,area_old_training,古い訓練場,はじまりの星原,4,4,,,area:area_old_training,177.4799999999999,,0.49/100 trace,,YES,
upg_rough_stone,粗い強化石,upgrade_stone,N,enhance_material,explore_pool,area_old_training,古い訓練場,はじまりの星原,4,4,,,area:area_old_training,56.64,,8.1/100 mid,,YES,
wpn_crude_spear,粗末な槍,equipment,N,playable_gear,explore_pool,area_old_training,古い訓練場,はじまりの星原,4,4,,,area:area_old_training,9.28,,0.54/100 trace,,YES,
arm_set_starfield_feet,星原靴,equipment,R,playable_gear,explore_pool,area_old_training,古い訓練場,はじまりの星原,4,4,,,area:area_old_training,9.28,,0.81/100 trace,,YES,
wpn_rust_dagger,錆びた短剣,equipment,N,playable_gear,explore_pool,area_night_hill,夜歩きの丘,はじまりの星原,6,6,,,area:area_night_hill,121.79999999999984,,0.48/100 trace,,YES,
mat_small_mana,小さな魔石,common_material,N,enhance_material,explore_pool,area_night_hill,夜歩きの丘,はじまりの星原,6,6,,,area:area_night_hill,26.88,,7.7/100 mid,,YES,
wpn_apprentice_staff,見習い杖,equipment,N,playable_gear,explore_pool,area_night_hill,夜歩きの丘,はじまりの星原,6,6,,,area:area_night_hill,8.96,,0.54/100 trace,,YES,
arm_set_starfield_arms,星原篭手,equipment,R,playable_gear,explore_pool,area_night_hill,夜歩きの丘,はじまりの星原,6,6,,,area:area_night_hill,8.96,,0.81/100 trace,,YES,
wpn_prayer_rod,祈りの短杖,equipment,N,playable_gear,explore_pool,area_broken_shrine,壊れた祠,はじまりの星原,8,8,,,area:area_broken_shrine,121.79999999999984,,0.48/100 trace,,YES,
mat_dry_herb,乾いた薬草,common_material,N,enhance_material,explore_pool,area_broken_shrine,壊れた祠,はじまりの星原,8,8,,,area:area_broken_shrine,53.76,,7.7/100 mid,,YES,
wpn_training_shield,訓練用大盾,equipment,N,playable_gear,explore_pool,area_broken_shrine,壊れた祠,はじまりの星原,8,8,,,area:area_broken_shrine,9.92,,0.54/100 trace,,YES,
arm_set_starfield_legs,星原腿当て,equipment,R,playable_gear,explore_pool,area_broken_shrine,壊れた祠,はじまりの星原,8,8,,,area:area_broken_shrine,9.92,,0.82/100 trace,,YES,
wpn_cracked_axe,ひび割れた斧,equipment,N,playable_gear,explore_pool,area_broken_shrine,壊れた祠,はじまりの星原,8,8,,,area:area_broken_shrine,9.92,,0.54/100 trace,,YES,
wpn_old_road_knife,古道のナイフ,equipment,N,playable_gear,explore_pool,area_old_cart,古道の荷車跡,古道の宿場村,3,3,,,area:area_old_cart,9.28,,0.54/100 trace,,YES,
mat_old_wood,古材,common_material,N,enhance_material,explore_pool,area_old_cart,古道の荷車跡,古道の宿場村,3,3,,,area:area_old_cart,14.879999999999999,,8.5/100 mid,,YES,
wpn_broken_wrap,欠けた拳帯,equipment,N,playable_gear,explore_pool,area_old_cart,古道の荷車跡,古道の宿場村,3,3,,,area:area_old_cart,9.28,,0.54/100 trace,,YES,
arm_set_old_road_head,古道兜,equipment,R,playable_gear,explore_pool,area_rust_inn,朽ちた旅籠,古道の宿場村,5,5,,,area:area_rust_inn,9.28,,0.81/100 trace,,YES,
mat_cloth_scrap,布切れ,common_material,N,enhance_material,explore_pool,area_rust_inn,朽ちた旅籠,古道の宿場村,5,5,,,area:area_rust_inn,44.64,,8.5/100 mid,,YES,
arm_set_old_road_feet,古道靴,equipment,R,playable_gear,explore_pool,area_rust_inn,朽ちた旅籠,古道の宿場村,5,5,,,area:area_rust_inn,9.28,,0.81/100 trace,,YES,
wpn_old_road_dagger,古道の短剣,equipment,R,playable_gear,explore_pool,area_thief_path,盗賊の抜け道,古道の宿場村,7,7,,,area:area_thief_path,9.28,,1.4/100 low,,YES,
mat_beast_fang,獣の牙,common_material,N,enhance_material,explore_pool,area_thief_path,盗賊の抜け道,古道の宿場村,7,7,,,area:area_thief_path,14.879999999999999,,8.5/100 mid,,YES,
arm_set_old_road_arms,古道篭手,equipment,R,playable_gear,explore_pool,area_thief_path,盗賊の抜け道,古道の宿場村,7,7,,,area:area_thief_path,9.28,,0.81/100 trace,,YES,
arm_set_old_road_body,古道鎧,equipment,R,playable_gear,explore_pool,area_stone_bridge,石積みの橋,古道の宿場村,8,8,,,area:area_stone_bridge,8.96,,0.81/100 trace,,YES,
upg_rough_stone,粗い強化石,upgrade_stone,N,enhance_material,explore_pool,area_stone_bridge,石積みの橋,古道の宿場村,8,8,,,area:area_stone_bridge,56.64,,8.1/100 mid,,YES,
mat_beast_hide,獣皮,common_material,N,enhance_material,explore_pool,area_traveler_grave,旅人の墓標,古道の宿場村,10,10,,,area:area_traveler_grave,12,,6.9/100 mid,,YES,
mat_cracked_bone,ひび割れた骨,common_material,N,enhance_material,explore_pool,area_traveler_grave,旅人の墓標,古道の宿場村,10,10,,,area:area_traveler_grave,12,,6.9/100 mid,,YES,
arm_set_old_road_legs,古道腿当て,equipment,R,playable_gear,explore_pool,area_traveler_grave,旅人の墓標,古道の宿場村,10,10,,,area:area_traveler_grave,9.92,,0.82/100 trace,,YES,
mat_twilight_shell,薄明の貝殻,area_material,R,enhance_material,explore_pool,area_twilight_coast,薄明の海岸,薄明の港町,5,5,,,area:area_twilight_coast,56.64,,8.1/100 mid,,YES,
wpn_twilight_bow,薄明の弓,equipment,R,playable_gear,explore_pool,area_twilight_coast,薄明の海岸,薄明の港町,5,5,,,area:area_twilight_coast,9.28,,1.4/100 low,,YES,
arm_set_twilight_feet,薄明靴,equipment,R,playable_gear,explore_pool,area_twilight_coast,薄明の海岸,薄明の港町,5,5,,,area:area_twilight_coast,9.28,,0.81/100 trace,,YES,
mat_twilight_shell,薄明の貝殻,area_material,R,enhance_material,explore_pool,area_lighthouse_rocks,灯台下の岩場,薄明の港町,8,8,,,area:area_lighthouse_rocks,56.64,,8.1/100 mid,,YES,
upg_rough_stone,粗い強化石,upgrade_stone,N,enhance_material,explore_pool,area_lighthouse_rocks,灯台下の岩場,薄明の港町,8,8,,,area:area_lighthouse_rocks,56.64,,8.1/100 mid,,YES,
arm_set_twilight_arms,薄明篭手,equipment,R,playable_gear,explore_pool,area_lighthouse_rocks,灯台下の岩場,薄明の港町,8,8,,,area:area_lighthouse_rocks,9.28,,0.81/100 trace,,YES,
wpn_rain_bow,雨濡れの弓,equipment,N,playable_gear,explore_pool,area_sunken_deck,沈没船の甲板,薄明の港町,12,12,,,area:area_sunken_deck,18.56,,0.54/100 trace,,YES,
mat_iron_scrap,鉄片,common_material,N,enhance_material,explore_pool,area_sunken_deck,沈没船の甲板,薄明の港町,12,12,,,area:area_sunken_deck,29.759999999999998,,8.5/100 mid,,YES,
arm_set_twilight_legs,薄明腿当て,equipment,R,playable_gear,explore_pool,area_sunken_deck,沈没船の甲板,薄明の港町,12,12,,,area:area_sunken_deck,9.28,,0.81/100 trace,,YES,
arm_set_twilight_head,薄明兜,equipment,R,playable_gear,explore_pool,area_tide_cave,潮騒の洞窟,薄明の港町,14,14,,,area:area_tide_cave,8.96,,0.81/100 trace,,YES,
mat_twilight_shell,薄明の貝殻,area_material,R,enhance_material,explore_pool,area_tide_cave,潮騒の洞窟,薄明の港町,14,14,,,area:area_tide_cave,56.64,,8.1/100 mid,,YES,
arm_set_twilight_body,薄明鎧,equipment,R,playable_gear,explore_pool,area_fog_warehouse,海霧の倉庫街,薄明の港町,16,16,,,area:area_fog_warehouse,9.92,,0.82/100 trace,,YES,
cons_rescue_signal,救難信号片,consumable,R,consumable,explore_pool,area_fog_warehouse,海霧の倉庫街,薄明の港町,16,16,,,area:area_fog_warehouse,6,,3.4/100 low,,YES,
mat_silver_ore,白銀鉱石,area_material,R,enhance_material; src_material,explore_pool,area_silver_tunnel,白銀坑道,白銀鉱山街,10,10,,,area:area_silver_tunnel,71.52000000000001,,8.2/100 mid,,YES,
wpn_silver_hammer,白銀の槌,equipment,R,playable_gear,explore_pool,area_silver_tunnel,白銀坑道,白銀鉱山街,10,10,,,area:area_silver_tunnel,9.28,,1.4/100 low,,YES,
arm_set_silver_arms,白銀篭手,equipment,R,playable_gear,explore_pool,area_silver_tunnel,白銀坑道,白銀鉱山街,10,10,,,area:area_silver_tunnel,9.28,,0.81/100 trace,,YES,
mat_silver_ore,白銀鉱石,area_material,R,enhance_material; src_material,explore_pool,area_old_mine,旧採掘路,白銀鉱山街,12,12,,,area:area_old_mine,71.52000000000001,,8.2/100 mid,,YES,
upg_stone,強化石,upgrade_stone,R,enhance_material,explore_pool,area_old_mine,旧採掘路,白銀鉱山街,12,12,,,area:area_old_mine,40.8,,7.8/100 mid,,YES,
arm_set_silver_legs,白銀腿当て,equipment,R,playable_gear,explore_pool,area_old_mine,旧採掘路,白銀鉱山街,12,12,,,area:area_old_mine,9.28,,0.81/100 trace,,YES,
arm_set_silver_head,白銀兜,equipment,R,playable_gear,explore_pool,area_crystal_shaft,結晶の縦穴,白銀鉱山街,16,16,,,area:area_crystal_shaft,9.28,,0.81/100 trace,,YES,
mat_small_mana,小さな魔石,common_material,N,enhance_material,explore_pool,area_crystal_shaft,結晶の縦穴,白銀鉱山街,16,16,,,area:area_crystal_shaft,26.88,,7.7/100 mid,,YES,
arm_set_silver_body,白銀鎧,equipment,R,playable_gear,explore_pool,area_collapsed_site,崩落した作業場,白銀鉱山街,18,18,,,area:area_collapsed_site,8.96,,0.81/100 trace,,YES,
upg_stone,強化石,upgrade_stone,R,enhance_material,explore_pool,area_collapsed_site,崩落した作業場,白銀鉱山街,18,18,,,area:area_collapsed_site,40.8,,7.8/100 mid,,YES,
wpn_iron_scrap_barrel,鉄屑の砲筒,equipment,N,playable_gear,explore_pool,area_black_iron_vein,黒鉄鉱脈,白銀鉱山街,28,28,,,area:area_black_iron_vein,11.84,,0.56/100 trace,,YES,
mat_silver_ore,白銀鉱石,area_material,R,enhance_material; src_material,explore_pool,area_black_iron_vein,黒鉄鉱脈,白銀鉱山街,28,28,,,area:area_black_iron_vein,71.52000000000001,,8.2/100 mid,,YES,
wpn_black_iron_blade,黒鉄の処刑刃,equipment,SSR,playable_gear,explore_pool,area_black_iron_vein,黒鉄鉱脈,白銀鉱山街,28,28,,,area:area_black_iron_vein,3.92,,0.08/100 trace,,YES,
arm_set_silver_feet,白銀靴,equipment,R,playable_gear,explore_pool,area_black_iron_vein,黒鉄鉱脈,白銀鉱山街,28,28,,,area:area_black_iron_vein,11.84,,0.83/100 trace,,YES,
mat_mist_leaf,霧守りの葉,area_material,R,enhance_material,explore_pool,area_mist_beast_path,霧深き獣道,霧深き森の集落,14,14,,,area:area_mist_beast_path,59.760000000000005,,6.8/100 mid,,YES,
wpn_mist_staff,霧払いの杖,equipment,R,playable_gear,explore_pool,area_mist_beast_path,霧深き獣道,霧深き森の集落,14,14,,,area:area_mist_beast_path,114.83999999999986,,1.3/100 low,,YES,
arm_set_mist_arms,霧守り篭手,equipment,R,playable_gear,explore_pool,area_mist_beast_path,霧深き獣道,霧深き森の集落,14,14,,,area:area_mist_beast_path,9.28,,0.81/100 trace,,YES,
mat_mist_leaf,霧守りの葉,area_material,R,enhance_material,explore_pool,area_poison_path,毒蔦の小径,霧深き森の集落,16,16,,,area:area_poison_path,59.760000000000005,,6.8/100 mid,,YES,
mat_dry_herb,乾いた薬草,common_material,N,enhance_material,explore_pool,area_poison_path,毒蔦の小径,霧深き森の集落,16,16,,,area:area_poison_path,53.76,,7.7/100 mid,,YES,
arm_set_mist_legs,霧守り腿当て,equipment,R,playable_gear,explore_pool,area_poison_path,毒蔦の小径,霧深き森の集落,16,16,,,area:area_poison_path,9.28,,0.81/100 trace,,YES,
boss_tree_heart,古樹の心材,boss_material,SR,src_material,explore_pool,area_old_tree_root,古樹の根元,霧深き森の集落,20,20,,,area:area_old_tree_root,0,,0/none,,YES,
arm_set_mist_head,霧守り兜,equipment,R,playable_gear,explore_pool,area_old_tree_root,古樹の根元,霧深き森の集落,20,20,,,area:area_old_tree_root,8.64,,0.81/100 trace,,YES,
arm_set_mist_body,霧守り鎧,equipment,R,playable_gear,explore_pool,area_lost_mushroom_field,迷い茸の群生地,霧深き森の集落,22,22,,,area:area_lost_mushroom_field,9.92,,0.82/100 trace,,YES,
mat_mist_leaf,霧守りの葉,area_material,R,enhance_material,explore_pool,area_lost_mushroom_field,迷い茸の群生地,霧深き森の集落,22,22,,,area:area_lost_mushroom_field,59.760000000000005,,6.8/100 mid,,YES,
boss_dragon_fang,竜鳴きの牙,boss_material,SSR,src_material,explore_pool,area_sleeping_nest,眠れる獣の巣,霧深き森の集落,28,28,,,area:area_sleeping_nest,6,,3.4/100 low,,YES,
wpn_dragon_fist,竜骨の拳甲,equipment,R,playable_gear,explore_pool,area_sleeping_nest,眠れる獣の巣,霧深き森の集落,28,28,,,area:area_sleeping_nest,11.84,,1.4/100 low,,YES,
arm_set_mist_feet,霧守り靴,equipment,R,playable_gear,explore_pool,area_sleeping_nest,眠れる獣の巣,霧深き森の集落,28,28,,,area:area_sleeping_nest,11.84,,0.83/100 trace,,YES,
arm_set_rain_head,雨音兜,equipment,R,playable_gear,explore_pool,area_rain_alley,雨音の路地,雨音の廃村,8,8,,,area:area_rain_alley,9.28,,0.81/100 trace,,YES,
wpn_rain_bow,雨濡れの弓,equipment,N,playable_gear,explore_pool,area_rain_alley,雨音の路地,雨音の廃村,8,8,,,area:area_rain_alley,18.56,,0.54/100 trace,,YES,
arm_set_rain_body,雨音鎧,equipment,R,playable_gear,explore_pool,area_flooded_house,水没した家屋,雨音の廃村,10,10,,,area:area_flooded_house,9.28,,0.81/100 trace,,YES,
mat_cloth_scrap,布切れ,common_material,N,enhance_material,explore_pool,area_flooded_house,水没した家屋,雨音の廃村,10,10,,,area:area_flooded_house,44.64,,8.5/100 mid,,YES,
mat_dry_herb,乾いた薬草,common_material,N,enhance_material,explore_pool,area_rust_well,朽ちた井戸,雨音の廃村,12,12,,,area:area_rust_well,53.76,,7.7/100 mid,,YES,
upg_rough_stone,粗い強化石,upgrade_stone,N,enhance_material,explore_pool,area_rust_well,朽ちた井戸,雨音の廃村,12,12,,,area:area_rust_well,56.64,,8.1/100 mid,,YES,
arm_set_rain_arms,雨音篭手,equipment,R,playable_gear,explore_pool,area_leaky_chapel,雨漏りの礼拝堂,雨音の廃村,14,14,,,area:area_leaky_chapel,8.96,,0.81/100 trace,,YES,
mat_dry_herb,乾いた薬草,common_material,N,enhance_material,explore_pool,area_leaky_chapel,雨漏りの礼拝堂,雨音の廃村,14,14,,,area:area_leaky_chapel,53.76,,7.7/100 mid,,YES,
arm_set_rain_legs,雨音腿当て,equipment,R,playable_gear,explore_pool,area_muddy_field,泥濘の畑,雨音の廃村,16,16,,,area:area_muddy_field,9.92,,0.82/100 trace,,YES,
mat_starfield_grass,星原草,area_material,N,enhance_material,explore_pool,area_muddy_field,泥濘の畑,雨音の廃村,16,16,,,area:area_muddy_field,41.76,,8.0/100 mid,,YES,
arm_set_rain_feet,雨音靴,equipment,R,playable_gear,explore_pool,area_muddy_field,泥濘の畑,雨音の廃村,16,16,,,area:area_muddy_field,9.92,,0.82/100 trace,,YES,
mat_moon_ink,月下インク,area_material,SR,enhance_material; src_material,explore_pool,area_forbidden_section,月下図書館・禁書区画,月下図書館,20,20,,,area:area_forbidden_section,53.760000000000005,,7.7/100 mid,,YES,
wpn_moon_rod,月読の短杖,equipment,R,playable_gear,explore_pool,area_forbidden_section,月下図書館・禁書区画,月下図書館,20,20,,,area:area_forbidden_section,12.96,,1.3/100 low,,YES,
arm_set_moon_arms,月下篭手,equipment,SR,playable_gear,explore_pool,area_forbidden_section,月下図書館・禁書区画,月下図書館,20,20,,,area:area_forbidden_section,4.32,,0.30/100 trace,,YES,
mat_moon_ink,月下インク,area_material,SR,enhance_material; src_material,explore_pool,area_bookworm_corridor,紙魚の回廊,月下図書館,22,22,,,area:area_bookworm_corridor,53.760000000000005,,7.7/100 mid,,YES,
wpn_moon_rod,月読の短杖,equipment,R,playable_gear,explore_pool,area_bookworm_corridor,紙魚の回廊,月下図書館,22,22,,,area:area_bookworm_corridor,12.96,,1.3/100 low,,YES,
arm_set_moon_legs,月下腿当て,equipment,SR,playable_gear,explore_pool,area_bookworm_corridor,紙魚の回廊,月下図書館,22,22,,,area:area_bookworm_corridor,4.32,,0.30/100 trace,,YES,
wpn_moon_staff_sr,月読の杖,equipment,SR,playable_gear,explore_pool,area_record_terminal,記録端末室,月下図書館,26,26,,,area:area_record_terminal,4.32,,0.49/100 trace,,YES,
arm_set_moon_head,月下兜,equipment,SR,playable_gear,explore_pool,area_record_terminal,記録端末室,月下図書館,26,26,,,area:area_record_terminal,4.32,,0.30/100 trace,,YES,
arm_set_moon_body,月下鎧,equipment,SR,playable_gear,explore_pool,area_shadow_reading,影写しの閲覧室,月下図書館,28,28,,,area:area_shadow_reading,3.7199999999999998,,0.29/100 trace,,YES,
mat_moon_ink,月下インク,area_material,SR,enhance_material; src_material,explore_pool,area_shadow_reading,影写しの閲覧室,月下図書館,28,28,,,area:area_shadow_reading,53.760000000000005,,7.7/100 mid,,YES,
wpn_moon_spell_staff,月下術杖,equipment,SSR,playable_gear,explore_pool,area_unanswered_archive,無答の書庫,月下図書館,34,34,,,area:area_unanswered_archive,3.92,,0.08/100 trace,,YES,
arm_set_moon_feet,月下靴,equipment,SR,playable_gear,explore_pool,area_unanswered_archive,無答の書庫,月下図書館,34,34,,,area:area_unanswered_archive,5.92,,0.30/100 trace,,YES,
mat_forgotten_sand,忘却の黒砂,area_material,SR,enhance_material; src_material,explore_pool,area_under_path,忘却の地下路,忘却の地下市,24,24,,,area:area_under_path,83.52000000000001,,6.8/100 mid,,YES,
wpn_black_lamp_twin,黒灯りの双刃,equipment,R,playable_gear,explore_pool,area_under_path,忘却の地下路,忘却の地下市,24,24,,,area:area_under_path,14.64,,1.3/100 low,,YES,
arm_set_black_lamp_arms,黒灯篭手,equipment,SSR,playable_gear,explore_pool,area_under_path,忘却の地下路,忘却の地下市,24,24,,,area:area_under_path,0,,0/none,,YES,
mat_forgotten_sand,忘却の黒砂,area_material,SR,enhance_material; src_material,explore_pool,area_black_alley,黒市の裏通り,忘却の地下市,26,26,,,area:area_black_alley,83.52000000000001,,6.8/100 mid,,YES,
wpn_glass_blade,硝子沼の刃,equipment,R,playable_gear,explore_pool,area_black_alley,黒市の裏通り,忘却の地下市,26,26,,,area:area_black_alley,25.92,,1.4/100 low,,YES,
arm_set_black_lamp_legs,黒灯腿当て,equipment,SSR,playable_gear,explore_pool,area_black_alley,黒市の裏通り,忘却の地下市,26,26,,,area:area_black_alley,0,,0/none,,YES,
wpn_red_ash_axe,赤灰の斧,equipment,R,playable_gear,explore_pool,area_cursed_storage,呪具置き場,忘却の地下市,28,28,,,area:area_cursed_storage,14.64,,1.3/100 low,,YES,
mat_forgotten_sand,忘却の黒砂,area_material,SR,enhance_material; src_material,explore_pool,area_cursed_storage,呪具置き場,忘却の地下市,28,28,,,area:area_cursed_storage,83.52000000000001,,6.8/100 mid,,YES,
arm_set_black_lamp_feet,黒灯靴,equipment,SSR,playable_gear,explore_pool,area_cursed_storage,呪具置き場,忘却の地下市,28,28,,,area:area_cursed_storage,8.64,,0.07/100 trace,,YES,
boss_black_iron,黒鉄処刑人の鎖,boss_material,SSR,src_material,explore_pool,area_contract_cage,契約失敗体の檻,忘却の地下市,32,32,,,area:area_contract_cage,0,,0/none,,YES,
wpn_black_exec_blade,黒灯の処刑刃,equipment,SR,playable_gear,explore_pool,area_contract_cage,契約失敗体の檻,忘却の地下市,32,32,,,area:area_contract_cage,9.92,,0.54/100 trace,,YES,
wpn_black_exec_sword,黒灯処刑剣,equipment,UR,playable_gear,explore_pool,area_masked_warehouse,仮面商人の隠し倉庫,忘却の地下市,34,34,,,area:area_masked_warehouse,0,,0/none,,YES,
mat_forgotten_sand,忘却の黒砂,area_material,SR,enhance_material; src_material,explore_pool,area_masked_warehouse,仮面商人の隠し倉庫,忘却の地下市,34,34,,,area:area_masked_warehouse,83.52000000000001,,6.8/100 mid,,YES,
mat_hourglass_shard,砂時計の欠片,area_material,SR,enhance_material; src_material,explore_pool,area_hourglass_ruins,砂時計の廃路,砂時計の都,28,28,,,area:area_hourglass_ruins,71.52000000000001,,8.2/100 mid,,YES,
mat_hourglass_shard,砂時計の欠片,area_material,SR,enhance_material; src_material,explore_pool,area_time_market,時紋の市場跡,砂時計の都,30,30,,,area:area_time_market,71.52000000000001,,8.2/100 mid,,YES,
upg_fine_stone,上質な強化石,upgrade_stone,SR,enhance_material,explore_pool,area_time_market,時紋の市場跡,砂時計の都,30,30,,,area:area_time_market,16.32,,4.7/100 low,,YES,
mat_hourglass_shard,砂時計の欠片,area_material,SR,enhance_material; src_material,explore_pool,area_lost_plaza,喪失者の広場,砂時計の都,32,32,,,area:area_lost_plaza,71.52000000000001,,8.2/100 mid,,YES,
wpn_ash_spear,灰冠の槍,equipment,R,playable_gear,explore_pool,area_lost_plaza,喪失者の広場,砂時計の都,32,32,,,area:area_lost_plaza,8.64,,1.4/100 low,,YES,
src_star_mark,星印の欠片,src_core,SSR,src_material,explore_pool,area_inverted_tower,逆さ時計塔,砂時計の都,34,34,,,area:area_inverted_tower,6,,3.4/100 low,,YES,
wpn_starfall_spear,星落ちの槍,equipment,SR,playable_gear,explore_pool,area_inverted_tower,逆さ時計塔,砂時計の都,34,34,,,area:area_inverted_tower,9.92,,0.54/100 trace,,YES,
mat_hourglass_shard,砂時計の欠片,area_material,SR,enhance_material; src_material,explore_pool,area_memory_vault,記憶の保管庫,砂時計の都,36,36,,,area:area_memory_vault,71.52000000000001,,8.2/100 mid,,YES,
mat_ash_crest,灰冠の紋章片,area_material,SSR,enhance_material; src_material,explore_pool,area_capital_under,灰冠の王都地下,灰冠の王都跡,34,34,,,area:area_capital_under,83.28,,7.9/100 mid,,YES,
wpn_ash_knight_sword,灰冠騎士剣,equipment,SSR,playable_gear,explore_pool,area_capital_under,灰冠の王都地下,灰冠の王都跡,34,34,,,area:area_capital_under,48.63999999999999,,0.13/100 trace,,YES,
wpn_ash_knight_shield,灰騎士の大盾,equipment,SR,playable_gear,explore_pool,area_capital_under,灰冠の王都地下,灰冠の王都跡,34,34,,,area:area_capital_under,8.64,,0.53/100 trace,,YES,
arm_set_ash_crown_arms,灰冠篭手,equipment,SR,playable_gear,explore_pool,area_capital_under,灰冠の王都地下,灰冠の王都跡,34,34,,,area:area_capital_under,8.64,,0.32/100 trace,,YES,
mat_ash_crest,灰冠の紋章片,area_material,SSR,enhance_material; src_material,explore_pool,area_old_army_post,旧統治軍詰所,灰冠の王都跡,36,36,,,area:area_old_army_post,83.28,,7.9/100 mid,,YES,
arm_set_ash_crown_head,灰冠兜,equipment,SR,playable_gear,explore_pool,area_old_army_post,旧統治軍詰所,灰冠の王都跡,36,36,,,area:area_old_army_post,8.64,,0.32/100 trace,,YES,
boss_ash_knight,灰冠騎士の紋章,boss_material,SSR,src_material,explore_pool,area_broken_throne,破れた玉座前,灰冠の王都跡,40,40,,,area:area_broken_throne,8.16,,4.7/100 low,,YES,
src_ash_star,灰星結晶,src_core,UR,src_material,explore_pool,area_broken_throne,破れた玉座前,灰冠の王都跡,40,40,,,area:area_broken_throne,8.16,,4.7/100 low,,YES,
arm_set_ash_crown_feet,灰冠靴,equipment,SR,playable_gear,explore_pool,area_broken_throne,破れた玉座前,灰冠の王都跡,40,40,,,area:area_broken_throne,8.16,,0.32/100 trace,,YES,
wpn_ash_wing_twin,灰翼の双刃,equipment,UR,playable_gear,explore_pool,area_broken_throne,破れた玉座前,灰冠の王都跡,40,40,,,area:area_broken_throne,0,,0/none,,YES,
arm_set_ash_crown_body,灰冠鎧,equipment,SR,playable_gear,explore_pool,area_capital_dungeon,王都地下牢,灰冠の王都跡,38,38,,,area:area_capital_dungeon,8.64,,0.32/100 trace,,YES,
src_old_king_mark,古王の印,src_core,UR,src_material,explore_pool,area_capital_dungeon,王都地下牢,灰冠の王都跡,38,38,,,area:area_capital_dungeon,0,,0/none,,YES,
wpn_ash_knight_sword,灰冠騎士剣,equipment,SSR,playable_gear,explore_pool,area_ash_boulevard,灰の大通り,灰冠の王都跡,42,42,,,area:area_ash_boulevard,48.63999999999999,,0.13/100 trace,,YES,
mat_ash_crest,灰冠の紋章片,area_material,SSR,enhance_material; src_material,explore_pool,area_ash_boulevard,灰の大通り,灰冠の王都跡,42,42,,,area:area_ash_boulevard,83.28,,7.9/100 mid,,YES,
arm_set_ash_crown_legs,灰冠腿当て,equipment,SR,playable_gear,explore_pool,area_ash_boulevard,灰の大通り,灰冠の王都跡,42,42,,,area:area_ash_boulevard,10.32,,0.33/100 trace,,YES,
mat_dragonbone,竜骨片,area_material,SSR,enhance_material,explore_pool,area_dragon_canyon,竜骨の峡谷,竜骨の峡谷,38,38,,,area:area_dragon_canyon,72.96000000000001,,8.3/100 mid,,YES,
wpn_dragon_pierce,竜骨穿槍,equipment,SSR,playable_gear,explore_pool,area_dragon_canyon,竜骨の峡谷,竜骨の峡谷,38,38,,,area:area_dragon_canyon,48.63999999999999,,0.13/100 trace,,YES,
arm_set_dragonbone_arms,竜骨篭手,equipment,SR,playable_gear,explore_pool,area_dragon_canyon,竜骨の峡谷,竜骨の峡谷,38,38,,,area:area_dragon_canyon,8.64,,0.32/100 trace,,YES,
mat_dragonbone,竜骨片,area_material,SSR,enhance_material,explore_pool,area_bone_market,大骨市場跡,竜骨の峡谷,40,40,,,area:area_bone_market,72.96000000000001,,8.3/100 mid,,YES,
arm_set_dragonbone_head,竜骨兜,equipment,SR,playable_gear,explore_pool,area_bone_market,大骨市場跡,竜骨の峡谷,40,40,,,area:area_bone_market,6,,0.31/100 trace,,YES,
boss_dragon_fang,竜鳴きの牙,boss_material,SSR,src_material,explore_pool,area_dragon_cliff,竜鳴きの崖,竜骨の峡谷,42,42,,,area:area_dragon_cliff,6,,3.4/100 low,,YES,
wpn_dragon_fist_sr,竜骨の拳甲,equipment,SR,playable_gear,explore_pool,area_dragon_cliff,竜鳴きの崖,竜骨の峡谷,42,42,,,area:area_dragon_cliff,6,,0.51/100 trace,,YES,
arm_set_dragonbone_legs,竜骨腿当て,equipment,SR,playable_gear,explore_pool,area_dragon_cliff,竜鳴きの崖,竜骨の峡谷,42,42,,,area:area_dragon_cliff,6,,0.31/100 trace,,YES,
arm_set_dragonbone_body,竜骨鎧,equipment,SR,playable_gear,explore_pool,area_bone_bird_nest,骨喰い鳥の巣,竜骨の峡谷,44,44,,,area:area_bone_bird_nest,8.16,,0.32/100 trace,,YES,
mat_dragonbone,竜骨片,area_material,SSR,enhance_material,explore_pool,area_bone_bird_nest,骨喰い鳥の巣,竜骨の峡谷,44,44,,,area:area_bone_bird_nest,72.96000000000001,,8.3/100 mid,,YES,
wpn_dragon_pierce,竜骨穿槍,equipment,SSR,playable_gear,explore_pool,area_old_dragon_rift,古竜の裂け目,竜骨の峡谷,46,46,,,area:area_old_dragon_rift,48.63999999999999,,0.13/100 trace,,YES,
mat_dragonbone,竜骨片,area_material,SSR,enhance_material,explore_pool,area_old_dragon_rift,古竜の裂け目,竜骨の峡谷,46,46,,,area:area_old_dragon_rift,72.96000000000001,,8.3/100 mid,,YES,
arm_set_dragonbone_feet,竜骨靴,equipment,SR,playable_gear,explore_pool,area_old_dragon_rift,古竜の裂け目,竜骨の峡谷,46,46,,,area:area_old_dragon_rift,10.32,,0.33/100 trace,,YES,
mat_silent_holy,沈黙の聖水,area_material,SSR,enhance_material; src_material,explore_pool,area_silent_corridor,沈黙の回廊,沈黙の修道院,42,42,,,area:area_silent_corridor,26.16,,3.7/100 low,,YES,
src_silence_tune,静寂の調律片,src_core,SSR,src_material,explore_pool,area_silent_corridor,沈黙の回廊,沈黙の修道院,42,42,,,area:area_silent_corridor,36.480000000000004,,4.2/100 low,,YES,
mat_silent_holy,沈黙の聖水,area_material,SSR,enhance_material; src_material,explore_pool,area_confessional,懺悔室,沈黙の修道院,44,44,,,area:area_confessional,26.16,,3.7/100 low,,YES,
wpn_silence_seal_sr,沈黙の聖印,equipment,SR,playable_gear,explore_pool,area_confessional,懺悔室,沈黙の修道院,44,44,,,area:area_confessional,30.48,,0.52/100 trace,,YES,
wpn_silence_seal,沈黙の聖印,equipment,R,playable_gear,explore_pool,area_confessional,懺悔室,沈黙の修道院,44,44,,,area:area_confessional,6,,1.3/100 low,,YES,
arm_set_silence_body,沈黙鎧,equipment,SR,playable_gear,explore_pool,area_confessional,懺悔室,沈黙の修道院,44,44,,,area:area_confessional,6,,0.31/100 trace,,YES,
src_lamp_core,灯火核,src_core,SSR,src_material,explore_pool,area_prayer_room,祈りの間,沈黙の修道院,46,46,,,area:area_prayer_room,6,,3.4/100 low,,YES,
arm_set_silence_head,沈黙兜,equipment,SR,playable_gear,explore_pool,area_prayer_room,祈りの間,沈黙の修道院,46,46,,,area:area_prayer_room,6,,0.31/100 trace,,YES,
wpn_prayer_robe_weapon,祈り縫いの聖衣,equipment,SSR,playable_gear,explore_pool,area_prayer_room,祈りの間,沈黙の修道院,46,46,,,area:area_prayer_room,6,,0.10/100 trace,,YES,
arm_set_silence_arms,沈黙篭手,equipment,SR,playable_gear,explore_pool,area_prayer_room,祈りの間,沈黙の修道院,46,46,,,area:area_prayer_room,6,,0.31/100 trace,,YES,
mat_silent_holy,沈黙の聖水,area_material,SSR,enhance_material; src_material,explore_pool,area_holy_workshop,聖水工房跡,沈黙の修道院,48,48,,,area:area_holy_workshop,26.16,,3.7/100 low,,YES,
cons_pilgrim_charm,巡礼者の護符,consumable,SR,consumable,explore_pool,area_holy_workshop,聖水工房跡,沈黙の修道院,48,48,,,area:area_holy_workshop,5.4399999999999995,,3.1/100 low,,YES,
arm_set_silence_feet,沈黙靴,equipment,SR,playable_gear,explore_pool,area_holy_workshop,聖水工房跡,沈黙の修道院,48,48,,,area:area_holy_workshop,8.16,,0.32/100 trace,,YES,
wpn_silence_seal_sr,沈黙の聖印,equipment,SR,playable_gear,explore_pool,area_silent_pilgrim,無言の巡礼路,沈黙の修道院,50,50,,,area:area_silent_pilgrim,30.48,,0.52/100 trace,,YES,
src_silence_tune,静寂の調律片,src_core,SSR,src_material,explore_pool,area_silent_pilgrim,無言の巡礼路,沈黙の修道院,50,50,,,area:area_silent_pilgrim,36.480000000000004,,4.2/100 low,,YES,
arm_set_silence_legs,沈黙腿当て,equipment,SR,playable_gear,explore_pool,area_silent_pilgrim,無言の巡礼路,沈黙の修道院,50,50,,,area:area_silent_pilgrim,10.32,,0.33/100 trace,,YES,
arm_set_glass_head,硝子沼兜,equipment,SR,playable_gear,explore_pool,area_glass_marsh_main,硝子沼,硝子沼の集落,36,36,,,area:area_glass_marsh_main,8.64,,0.32/100 trace,,YES,
wpn_glass_blade,硝子沼の刃,equipment,R,playable_gear,explore_pool,area_glass_marsh_main,硝子沼,硝子沼の集落,36,36,,,area:area_glass_marsh_main,25.92,,1.4/100 low,,YES,
arm_set_glass_body,硝子沼鎧,equipment,SR,playable_gear,explore_pool,area_cracked_surface,割れた水面,硝子沼の集落,38,38,,,area:area_cracked_surface,8.64,,0.32/100 trace,,YES,
wpn_glass_blade,硝子沼の刃,equipment,R,playable_gear,explore_pool,area_cracked_surface,割れた水面,硝子沼の集落,38,38,,,area:area_cracked_surface,25.92,,1.4/100 low,,YES,
arm_set_glass_arms,硝子沼篭手,equipment,SR,playable_gear,explore_pool,area_marsh_shrine,沼底の参道,硝子沼の集落,40,40,,,area:area_marsh_shrine,6,,0.31/100 trace,,YES,
mat_mist_leaf,霧守りの葉,area_material,R,enhance_material,explore_pool,area_marsh_shrine,沼底の参道,硝子沼の集落,40,40,,,area:area_marsh_shrine,59.760000000000005,,6.8/100 mid,,YES,
arm_set_glass_legs,硝子沼腿当て,equipment,SR,playable_gear,explore_pool,area_reflecting_forest,反射する森,硝子沼の集落,42,42,,,area:area_reflecting_forest,8.16,,0.32/100 trace,,YES,
wpn_mist_bow_sr,霧払いの弓,equipment,SR,playable_gear,explore_pool,area_reflecting_forest,反射する森,硝子沼の集落,42,42,,,area:area_reflecting_forest,8.16,,0.53/100 trace,,YES,
arm_set_glass_feet,硝子沼靴,equipment,SR,playable_gear,explore_pool,area_glass_flower,硝子花の群生地,硝子沼の集落,44,44,,,area:area_glass_flower,10.32,,0.33/100 trace,,YES,
upg_fine_stone,上質な強化石,upgrade_stone,SR,enhance_material,explore_pool,area_glass_flower,硝子花の群生地,硝子沼の集落,44,44,,,area:area_glass_flower,16.32,,4.7/100 low,,YES,
arm_set_red_ash_head,赤灰兜,equipment,SR,playable_gear,explore_pool,area_red_wall,赤灰の外壁,赤灰の砦,40,40,,,area:area_red_wall,6,,0.31/100 trace,,YES,
wpn_red_ash_axe_sr,赤灰の戦斧,equipment,SR,playable_gear,explore_pool,area_red_wall,赤灰の外壁,赤灰の砦,40,40,,,area:area_red_wall,26.16,,0.51/100 trace,,YES,
arm_set_red_ash_body,赤灰鎧,equipment,SR,playable_gear,explore_pool,area_burned_barracks,焼けた兵舎,赤灰の砦,42,42,,,area:area_burned_barracks,6,,0.31/100 trace,,YES,
wpn_red_ash_axe,赤灰の斧,equipment,R,playable_gear,explore_pool,area_burned_barracks,焼けた兵舎,赤灰の砦,42,42,,,area:area_burned_barracks,14.64,,1.3/100 low,,YES,
arm_set_red_ash_arms,赤灰篭手,equipment,SR,playable_gear,explore_pool,area_fort_storage,砦地下倉庫,赤灰の砦,44,44,,,area:area_fort_storage,6,,0.31/100 trace,,YES,
upg_rare_stone,希少強化石,upgrade_stone,SSR,enhance_material,explore_pool,area_fort_storage,砦地下倉庫,赤灰の砦,44,44,,,area:area_fort_storage,6,,3.4/100 low,,YES,
arm_set_red_ash_legs,赤灰腿当て,equipment,SR,playable_gear,explore_pool,area_fire_training,炎の訓練場,赤灰の砦,46,46,,,area:area_fire_training,8.16,,0.32/100 trace,,YES,
wpn_red_ash_axe_sr,赤灰の戦斧,equipment,SR,playable_gear,explore_pool,area_fire_training,炎の訓練場,赤灰の砦,46,46,,,area:area_fire_training,26.16,,0.51/100 trace,,YES,
arm_set_red_ash_feet,赤灰靴,equipment,SR,playable_gear,explore_pool,area_red_watchtower,赤灰の見張り台,赤灰の砦,48,48,,,area:area_red_watchtower,10.32,,0.33/100 trace,,YES,
mat_ash_crest,灰冠の紋章片,area_material,SSR,enhance_material; src_material,explore_pool,area_red_watchtower,赤灰の見張り台,赤灰の砦,48,48,,,area:area_red_watchtower,83.28,,7.9/100 mid,,YES,
mat_deep_soot,深層炉の煤,area_material,UR,enhance_material; src_material,explore_pool,area_furnace_entrance,深層炉入口,深層炉前哨基地,48,48,,,area:area_furnace_entrance,16,,4.6/100 low,,YES,
wpn_deep_cannon,深層機構砲,equipment,SSR,playable_gear,explore_pool,area_furnace_entrance,深層炉入口,深層炉前哨基地,48,48,,,area:area_furnace_entrance,6,,0.10/100 trace,,YES,
arm_set_deep_furnace_arms,深層炉篭手,equipment,SSR,playable_gear,explore_pool,area_furnace_entrance,深層炉入口,深層炉前哨基地,48,48,,,area:area_furnace_entrance,6,,0.06/100 trace,,YES,
acc_deep_gear_ring,深層炉の機構環,equipment,SSR,playable_gear,explore_pool,area_furnace_entrance,深層炉入口,深層炉前哨基地,48,48,,,area:area_furnace_entrance,6,,0.06/100 trace,,YES,
mat_deep_soot,深層炉の煤,area_material,UR,enhance_material; src_material,explore_pool,area_core_tower,炉心監視塔,深層炉前哨基地,50,50,,,area:area_core_tower,16,,4.6/100 low,,YES,
arm_set_deep_furnace_head,深層炉兜,equipment,SSR,playable_gear,explore_pool,area_core_tower,炉心監視塔,深層炉前哨基地,50,50,,,area:area_core_tower,6,,0.06/100 trace,,YES,
arm_set_deep_furnace_body,深層炉鎧,equipment,SSR,playable_gear,explore_pool,area_mechanic_yard,機工整備場,深層炉前哨基地,52,52,,,area:area_mechanic_yard,6,,0.06/100 trace,,YES,
wpn_unique_deep,深層の砲筒,equipment,Uni,playable_gear,explore_pool,area_mechanic_yard,機工整備場,深層炉前哨基地,52,52,,,area:area_mechanic_yard,6,,0.05/100 trace,,YES,
src_deep_furnace,深層炉核,src_core,UR,src_material,explore_pool,area_arc_lab,アーク残滓研究所,深層炉前哨基地,54,54,,,area:area_arc_lab,8.16,,4.7/100 low,,YES,
wpn_deep_cannon_regin,深層砲レギン,equipment,UR,playable_gear,explore_pool,area_arc_lab,アーク残滓研究所,深層炉前哨基地,54,54,,,area:area_arc_lab,16.32,,0.07/100 trace,,YES,
arm_set_deep_furnace_legs,深層炉腿当て,equipment,SSR,playable_gear,explore_pool,area_arc_lab,アーク残滓研究所,深層炉前哨基地,54,54,,,area:area_arc_lab,8.16,,0.07/100 trace,,YES,
boss_furnace_core,炉熱の番人核,boss_material,UR,src_material,explore_pool,area_iron_supply,鉄熱の補給路,深層炉前哨基地,56,56,,,area:area_iron_supply,10.32,,5.9/100 low,,YES,
arm_set_deep_furnace_feet,深層炉靴,equipment,SSR,playable_gear,explore_pool,area_iron_supply,鉄熱の補給路,深層炉前哨基地,56,56,,,area:area_iron_supply,10.32,,0.08/100 trace,,YES,
mat_starfall_shard,星落ちの破片,area_material,UR,enhance_material; src_material,explore_pool,area_starfall_platform,星落ちの観測台,星落ちの観測所,52,52,,,area:area_starfall_platform,51.52,,5.9/100 low,,YES,
src_star_mark,星印の欠片,src_core,SSR,src_material,explore_pool,area_starfall_platform,星落ちの観測台,星落ちの観測所,52,52,,,area:area_starfall_platform,6,,3.4/100 low,,YES,
acc_starfall_earring,星落ちの耳飾り,equipment,SSR,playable_gear,explore_pool,area_starfall_platform,星落ちの観測台,星落ちの観測所,52,52,,,area:area_starfall_platform,6,,0.06/100 trace,,YES,
arm_set_starfall_feet,星落ち靴,equipment,SSR,playable_gear,explore_pool,area_starfall_platform,星落ちの観測台,星落ちの観測所,52,52,,,area:area_starfall_platform,6,,0.06/100 trace,,YES,
wpn_iron_snow_shield,鉄雪の盾,equipment,R,playable_gear,explore_pool,area_starfall_platform,星落ちの観測台,星落ちの観測所,52,52,,,area:area_starfall_platform,12,,1.3/100 low,,YES,
mat_starfall_shard,星落ちの破片,area_material,UR,enhance_material; src_material,explore_pool,area_broken_telescope,砕けた望遠塔,星落ちの観測所,54,54,,,area:area_broken_telescope,51.52,,5.9/100 low,,YES,
wpn_starfall_judge,星落ちの裁杖,equipment,UR,playable_gear,explore_pool,area_broken_telescope,砕けた望遠塔,星落ちの観測所,54,54,,,area:area_broken_telescope,12,,0.05/100 trace,,YES,
arm_set_starfall_arms,星落ち篭手,equipment,SSR,playable_gear,explore_pool,area_broken_telescope,砕けた望遠塔,星落ちの観測所,54,54,,,area:area_broken_telescope,6,,0.06/100 trace,,YES,
wpn_starfall_judge,星落ちの裁杖,equipment,UR,playable_gear,explore_pool,area_star_lab,星屑の実験室,星落ちの観測所,56,56,,,area:area_star_lab,12,,0.05/100 trace,,YES,
arm_set_starfall_head,星落ち兜,equipment,SSR,playable_gear,explore_pool,area_star_lab,星屑の実験室,星落ちの観測所,56,56,,,area:area_star_lab,6,,0.06/100 trace,,YES,
arm_set_starfall_body,星落ち鎧,equipment,SSR,playable_gear,explore_pool,area_astronomy_record,天文記録室,星落ちの観測所,58,58,,,area:area_astronomy_record,8.16,,0.07/100 trace,,YES,
src_star_mark_full,完全な星印,src_upgrade_material,Src,src_material,explore_pool,area_astronomy_record,天文記録室,星落ちの観測所,58,58,,,area:area_astronomy_record,3.92,,2.2/100 low,,YES,
mat_starfall_shard,星落ちの破片,area_material,UR,enhance_material; src_material,explore_pool,area_meteor_crater,落星孔,星落ちの観測所,60,60,,,area:area_meteor_crater,51.52,,5.9/100 low,,YES,
wpn_hollow_bell_bow,空鐘の弓,equipment,SSR,playable_gear,explore_pool,area_meteor_crater,落星孔,星落ちの観測所,60,60,,,area:area_meteor_crater,10.32,,0.14/100 trace,,YES,
arm_set_starfall_legs,星落ち腿当て,equipment,SSR,playable_gear,explore_pool,area_meteor_crater,落星孔,星落ちの観測所,60,60,,,area:area_meteor_crater,10.32,,0.08/100 trace,,YES,
arm_set_iron_snow_legs,鉄雪腿当て,equipment,SSR,playable_gear,explore_pool,area_meteor_crater,落星孔,星落ちの観測所,60,60,,,area:area_meteor_crater,10.32,,0.08/100 trace,,YES,
raid_valhalla_plate,ヴァルハラ装甲片,raid_material,UR,raid_material,explore_pool,area_valhalla_outer,ヴァルハラ外郭,空中要塞ヴァルハラ,58,58,,,area:area_valhalla_outer,6,,3.4/100 low,,YES,
wpn_valhalla_blade,ヴァルハラ・ブレード,equipment,UR,playable_gear,explore_pool,area_valhalla_outer,ヴァルハラ外郭,空中要塞ヴァルハラ,58,58,,,area:area_valhalla_outer,2,,0.02/100 trace,,YES,
arm_set_valhalla_head,ヴァルハラ兜,equipment,UR,playable_gear,explore_pool,area_valhalla_outer,ヴァルハラ外郭,空中要塞ヴァルハラ,58,58,,,area:area_valhalla_outer,3,,0.02/100 trace,,YES,
arm_set_iron_snow_head,鉄雪兜,equipment,SSR,playable_gear,explore_pool,area_valhalla_outer,ヴァルハラ外郭,空中要塞ヴァルハラ,58,58,,,area:area_valhalla_outer,6,,0.06/100 trace,,YES,
wpn_iron_snow_shield,鉄雪の盾,equipment,R,playable_gear,explore_pool,area_valhalla_outer,ヴァルハラ外郭,空中要塞ヴァルハラ,58,58,,,area:area_valhalla_outer,12,,1.3/100 low,,YES,
raid_sky_core,空塞機兵の中枢,raid_material,UR,raid_material,explore_pool,area_mech_hangar,機械兵格納庫,空中要塞ヴァルハラ,60,60,,,area:area_mech_hangar,12,,3.4/100 low,,YES,
wpn_core_spear_grau,炉心槍グラウ,equipment,UR,playable_gear,explore_pool,area_mech_hangar,機械兵格納庫,空中要塞ヴァルハラ,60,60,,,area:area_mech_hangar,6,,0.05/100 trace,,YES,
arm_set_valhalla_body,ヴァルハラ鎧,equipment,UR,playable_gear,explore_pool,area_mech_hangar,機械兵格納庫,空中要塞ヴァルハラ,60,60,,,area:area_mech_hangar,3,,0.02/100 trace,,YES,
arm_set_iron_snow_body,鉄雪鎧,equipment,SSR,playable_gear,explore_pool,area_mech_hangar,機械兵格納庫,空中要塞ヴァルハラ,60,60,,,area:area_mech_hangar,6,,0.06/100 trace,,YES,
wpn_iron_snow_greatshield,鉄雪大盾,equipment,SSR,playable_gear,explore_pool,area_mech_hangar,機械兵格納庫,空中要塞ヴァルハラ,60,60,,,area:area_mech_hangar,6,,0.10/100 trace,,YES,
raid_control_chip,旧統治軍制御片,raid_material,UR,raid_material,explore_pool,area_experiment_zone,実験区画,空中要塞ヴァルハラ,62,62,,,area:area_experiment_zone,20.64,,5.9/100 low,,YES,
wpn_deep_cannon_regin,深層砲レギン,equipment,UR,playable_gear,explore_pool,area_experiment_zone,実験区画,空中要塞ヴァルハラ,62,62,,,area:area_experiment_zone,16.32,,0.07/100 trace,,YES,
arm_set_valhalla_arms,ヴァルハラ篭手,equipment,UR,playable_gear,explore_pool,area_experiment_zone,実験区画,空中要塞ヴァルハラ,62,62,,,area:area_experiment_zone,8.16,,0.04/100 trace,,YES,
arm_set_iron_snow_arms,鉄雪篭手,equipment,SSR,playable_gear,explore_pool,area_experiment_zone,実験区画,空中要塞ヴァルハラ,62,62,,,area:area_experiment_zone,8.16,,0.07/100 trace,,YES,
raid_old_king_film,旧王の影片,raid_material,UR,raid_material,explore_pool,area_old_throne,旧王の玉座,空中要塞ヴァルハラ,64,64,,,area:area_old_throne,14.64,,8.4/100 mid,,YES,
src_old_king_echo,旧王の残響核,src_upgrade_material,Src,src_material,explore_pool,area_old_throne,旧王の玉座,空中要塞ヴァルハラ,64,64,,,area:area_old_throne,4.88,,2.8/100 low,,YES,
arm_set_old_king_head,旧王兜,equipment,UR,playable_gear,explore_pool,area_old_throne,旧王の玉座,空中要塞ヴァルハラ,64,64,,,area:area_old_throne,6.24,,0.03/100 trace,,YES,
wpn_old_king_staff,旧王の魔杖,equipment,UR,playable_gear,explore_pool,area_old_throne,旧王の玉座,空中要塞ヴァルハラ,64,64,,,area:area_old_throne,12.48,,0.11/100 trace,,YES,
acc_old_king_seal,旧王の印章,equipment,UR,playable_gear,explore_pool,area_old_throne,旧王の玉座,空中要塞ヴァルハラ,64,64,,,area:area_old_throne,12.48,,0.07/100 trace,,YES,
arm_set_old_king_arms,旧王篭手,equipment,UR,playable_gear,explore_pool,area_old_throne,旧王の玉座,空中要塞ヴァルハラ,64,64,,,area:area_old_throne,12.48,,0.07/100 trace,,YES,
raid_deep_core,深層炉心核片,raid_material,UR,raid_material,explore_pool,area_deep_core,深層炉心,空中要塞ヴァルハラ,66,66,,,area:area_deep_core,17.52,,10.0/100 mid,,YES,
src_valhalla_core,ヴァルハラ炉心核,src_upgrade_material,Src,src_material,explore_pool,area_deep_core,深層炉心,空中要塞ヴァルハラ,66,66,,,area:area_deep_core,5.84,,3.3/100 low,,YES,
arm_set_old_king_legs,旧王腿当て,equipment,UR,playable_gear,explore_pool,area_deep_core,深層炉心,空中要塞ヴァルハラ,66,66,,,area:area_deep_core,14.64,,0.08/100 trace,,YES,
wpn_iron_snow_king_shield,鉄雪王盾,equipment,UR,playable_gear,explore_pool,area_deep_core,深層炉心,空中要塞ヴァルハラ,66,66,,,area:area_deep_core,14.64,,0.13/100 trace,,YES,
wpn_sky_bow_fress,空塞弓フレス,equipment,UR,playable_gear,explore_pool,area_sky_lift,空塞昇降路,空中要塞ヴァルハラ,60,60,,,area:area_sky_lift,6,,0.05/100 trace,,YES,
raid_sky_core,空塞機兵の中枢,raid_material,UR,raid_material,explore_pool,area_sky_lift,空塞昇降路,空中要塞ヴァルハラ,60,60,,,area:area_sky_lift,12,,3.4/100 low,,YES,
arm_set_valhalla_feet,ヴァルハラ靴,equipment,UR,playable_gear,explore_pool,area_sky_lift,空塞昇降路,空中要塞ヴァルハラ,60,60,,,area:area_sky_lift,6,,0.03/100 trace,,YES,
arm_set_iron_snow_feet,鉄雪靴,equipment,SSR,playable_gear,explore_pool,area_sky_lift,空塞昇降路,空中要塞ヴァルハラ,60,60,,,area:area_sky_lift,6,,0.06/100 trace,,YES,
raid_control_chip,旧統治軍制御片,raid_material,UR,raid_material,explore_pool,area_control_room,統治軍制御室,空中要塞ヴァルハラ,62,62,,,area:area_control_room,20.64,,5.9/100 low,,YES,
wpn_zero_shield,統治軍制式大盾・零式,equipment,UR,playable_gear,explore_pool,area_control_room,統治軍制御室,空中要塞ヴァルハラ,62,62,,,area:area_control_room,10.32,,0.09/100 trace,,YES,
arm_set_valhalla_legs,ヴァルハラ腿当て,equipment,UR,playable_gear,explore_pool,area_control_room,統治軍制御室,空中要塞ヴァルハラ,62,62,,,area:area_control_room,10.32,,0.06/100 trace,,YES,
raid_machina_echo,マキナの残響片,raid_material,UR,raid_material,explore_pool,area_machina_zone,マキナの残響区画,空中要塞ヴァルハラ,66,66,,,area:area_machina_zone,20.4,,11.7/100 mid,,YES,
src_machina_core,マキナ残響核,src_upgrade_material,Src,src_material,explore_pool,area_machina_zone,マキナの残響区画,空中要塞ヴァルハラ,66,66,,,area:area_machina_zone,6.8,,3.9/100 low,,YES,
arm_set_old_king_body,旧王鎧,equipment,UR,playable_gear,explore_pool,area_machina_zone,マキナの残響区画,空中要塞ヴァルハラ,66,66,,,area:area_machina_zone,8.399999999999999,,0.05/100 trace,,YES,
arm_set_old_king_feet,旧王靴,equipment,UR,playable_gear,explore_pool,area_machina_zone,マキナの残響区画,空中要塞ヴァルハラ,66,66,,,area:area_machina_zone,16.799999999999997,,0.09/100 trace,,YES,
acc_raid_random,残響の指輪,equipment,SSR,collection; playable_gear,explore_pool,area_machina_zone,マキナの残響区画,空中要塞ヴァルハラ,66,66,,,area:area_machina_zone,6.8,,0.06/100 trace,,YES,
mat_forgotten_sand,忘却の黒砂,area_material,SR,enhance_material; src_material,explore_pool,area_black_lantern_alley,黒灯りの路地,黒灯りの路地,50,50,,,area:area_black_lantern_alley,83.52000000000001,,6.8/100 mid,,YES,
wpn_black_lamp_twin,黒灯りの双刃,equipment,R,playable_gear,explore_pool,area_black_lantern_alley,黒灯りの路地,黒灯りの路地,50,50,,,area:area_black_lantern_alley,14.64,,1.3/100 low,,YES,
arm_set_black_lamp_head,黒灯兜,equipment,SSR,playable_gear,explore_pool,area_black_lantern_alley,黒灯りの路地,黒灯りの路地,50,50,,,area:area_black_lantern_alley,6,,0.06/100 trace,,YES,
mat_forgotten_sand,忘却の黒砂,area_material,SR,enhance_material; src_material,explore_pool,area_cinder_passage,煤煙の抜け道,黒灯りの路地,52,52,,,area:area_cinder_passage,83.52000000000001,,6.8/100 mid,,YES,
acc_black_lamp_ring,黒灯の指輪,equipment,SR,playable_gear,explore_pool,area_cinder_passage,煤煙の抜け道,黒灯りの路地,52,52,,,area:area_cinder_passage,6,,0.31/100 trace,,YES,
arm_set_black_lamp_body,黒灯鎧,equipment,SSR,playable_gear,explore_pool,area_cinder_passage,煤煙の抜け道,黒灯りの路地,52,52,,,area:area_cinder_passage,6,,0.06/100 trace,,YES,