equipment_id,name,rarity,slot,weapon_type,series_id,set_id,set_name,set_bonus_summary,hp,mp,attack,magic,defense,speed,crit,max_upgrade_level,awakening_eligible,max_awakening_level,sell_price,purpose,source_summary,progression_tier,estimated_rate_per_100,legacy_or_excluded,obtainable,notes
acc_black_lamp_ring,黒灯の指輪,SR,accessory2,,,,,,0,0,0,0,0,5,0,7,YES,5,600,progression,area_pool:探索：煤煙の抜け道,late,0.31/100 trace,NO,YES,
acc_deep_gear_ring,深層炉の機構環,SSR,accessory1,,,,,,0,0,12,0,8,0,0,7,YES,5,2400,endgame,area_pool:探索：深層炉入口,late_pre,0.06/100 trace,NO,YES,
acc_mist_talisman,霧守りの護符,R,accessory2,,,,,,0,0,0,0,0,0,0,7,NO,5,135,progression,shop:ショップ：mist_forest,early,0/none,NO,YES,
acc_moon_pendant,月下のペンダント,SR,accessory1,,,,,,0,0,0,8,0,0,0.03,7,YES,5,540,progression,shop:ショップ：forgotten_market,early,0/none,NO,YES,
acc_old_king_seal,旧王の印章,UR,accessory2,,,,,,0,0,18,0,12,0,0,10,YES,5,15000,endgame,area_pool:探索：旧王の玉座,valhalla,0.07/100 trace,NO,YES,
acc_raid_random,残響の指輪,SSR,accessory1,,,,,,0,0,0,0,0,0,0,7,YES,5,3600,collection,area_pool:探索：マキナの残響区画 / raid:レイド報酬,valhalla,0.06/100 trace,NO,YES,
acc_silver_bracelet,白銀の腕輪,R,accessory1,,,,,,0,0,5,0,0,0,0,7,NO,5,120,progression,shop:ショップ：forgotten_market,early,0/none,NO,YES,
acc_starfall_earring,星落ちの耳飾り,SSR,accessory2,,,,,,0,0,0,12,0,0,0,7,YES,5,2700,endgame,area_pool:探索：星落ちの観測台,late,0.06/100 trace,NO,YES,
acc_traveler_ring,旅人の指輪,N,accessory1,,,,,,15,0,2,0,0,0,0,7,NO,5,24,playable,shop:ショップ：mist_forest,early,0/none,NO,YES,
acc_traveler_talisman,旅人の護符,N,accessory2,,,,,,0,0,0,0,2,0,0,7,NO,5,24,playable,shop:ショップ：start_starfield,early,0/none,NO,YES,
acc_valhalla_necklace,ヴァルハラの首飾り,UR,accessory1,,,,,,0,0,15,15,10,0,0,10,YES,5,10500,endgame,shop:ショップ：valhalla_fortress,early,0/none,NO,YES,
arm_set_ash_crown_arms,灰冠篭手,SR,arms,,set_ash_crown,set_ash_crown,灰冠シリーズ,2:攻撃 +3% | 3:旧軍系ダメージ +5% | 5:HP50%以下で与ダメージ上昇,10,0,0,0,12,0,0,7,YES,5,40,playable,area_pool:探索：灰冠の王都地下,late_pre,0.32/100 trace,NO,YES,
arm_set_ash_crown_body,灰冠鎧,SR,body,,set_ash_crown,set_ash_crown,灰冠シリーズ,2:攻撃 +3% | 3:旧軍系ダメージ +5% | 5:HP50%以下で与ダメージ上昇,20,0,0,0,15,0,0,7,YES,5,40,playable,area_pool:探索：王都地下牢,late_pre,0.32/100 trace,NO,YES,
arm_set_ash_crown_feet,灰冠靴,SR,feet,,set_ash_crown,set_ash_crown,灰冠シリーズ,2:攻撃 +3% | 3:旧軍系ダメージ +5% | 5:HP50%以下で与ダメージ上昇,10,0,0,0,12,0,0,7,YES,5,40,playable,area_pool:探索：破れた玉座前,late_pre,0.32/100 trace,NO,YES,
arm_set_ash_crown_head,灰冠兜,SR,head,,set_ash_crown,set_ash_crown,灰冠シリーズ,2:攻撃 +3% | 3:旧軍系ダメージ +5% | 5:HP50%以下で与ダメージ上昇,10,0,0,0,13,0,0,7,YES,5,40,playable,area_pool:探索：旧統治軍詰所,late_pre,0.32/100 trace,NO,YES,
arm_set_ash_crown_legs,灰冠腿当て,SR,legs,,set_ash_crown,set_ash_crown,灰冠シリーズ,2:攻撃 +3% | 3:旧軍系ダメージ +5% | 5:HP50%以下で与ダメージ上昇,10,0,0,0,12,0,0,7,YES,5,40,playable,area_pool:探索：灰の大通り,late_pre,0.33/100 trace,NO,YES,
arm_set_black_lamp_arms,黒灯篭手,SSR,arms,,set_black_lamp,set_black_lamp,黒灯シリーズ,2:会心ダメ +5% | 3:闇属性スキル威力 +5% | 5:HP30%以下で会心率上昇,10,0,0,0,15,0,0,10,YES,5,40,playable,area_pool:探索：忘却の地下路,mid,0/none,NO,YES,
arm_set_black_lamp_body,黒灯鎧,SSR,body,,set_black_lamp,set_black_lamp,黒灯シリーズ,2:会心ダメ +5% | 3:闇属性スキル威力 +5% | 5:HP30%以下で会心率上昇,20,0,0,0,18,0,0,10,YES,5,40,playable,area_pool:探索：煤煙の抜け道,late,0.06/100 trace,NO,YES,
arm_set_black_lamp_feet,黒灯靴,SSR,feet,,set_black_lamp,set_black_lamp,黒灯シリーズ,2:会心ダメ +5% | 3:闇属性スキル威力 +5% | 5:HP30%以下で会心率上昇,10,0,0,0,15,0,0,10,YES,5,40,playable,area_pool:探索：呪具置き場,mid,0.07/100 trace,NO,YES,
arm_set_black_lamp_head,黒灯兜,SSR,head,,set_black_lamp,set_black_lamp,黒灯シリーズ,2:会心ダメ +5% | 3:闇属性スキル威力 +5% | 5:HP30%以下で会心率上昇,10,0,0,0,16,0,0,10,YES,5,40,playable,area_pool:探索：黒灯りの路地,late,0.06/100 trace,NO,YES,
arm_set_black_lamp_legs,黒灯腿当て,SSR,legs,,set_black_lamp,set_black_lamp,黒灯シリーズ,2:会心ダメ +5% | 3:闇属性スキル威力 +5% | 5:HP30%以下で会心率上昇,10,0,0,0,15,0,0,10,YES,5,40,playable,area_pool:探索：黒市の裏通り,mid,0/none,NO,YES,
arm_set_deep_furnace_arms,深層炉篭手,SSR,arms,,set_deep_furnace,set_deep_furnace,深層炉シリーズ,2:スキルCT軽減 +2% | 3:機械系ブレイク値 +5% | 5:ブレイク時追加ダメ,10,0,0,0,16,0,0,10,YES,5,40,playable,area_pool:探索：深層炉入口,late_pre,0.06/100 trace,NO,YES,
arm_set_deep_furnace_body,深層炉鎧,SSR,body,,set_deep_furnace,set_deep_furnace,深層炉シリーズ,2:スキルCT軽減 +2% | 3:機械系ブレイク値 +5% | 5:ブレイク時追加ダメ,20,0,0,0,19,0,0,10,YES,5,40,playable,area_pool:探索：機工整備場,late,0.06/100 trace,NO,YES,
arm_set_deep_furnace_feet,深層炉靴,SSR,feet,,set_deep_furnace,set_deep_furnace,深層炉シリーズ,2:スキルCT軽減 +2% | 3:機械系ブレイク値 +5% | 5:ブレイク時追加ダメ,10,0,0,0,16,0,0,10,YES,5,40,playable,area_pool:探索：鉄熱の補給路,late,0.08/100 trace,NO,YES,
arm_set_deep_furnace_head,深層炉兜,SSR,head,,set_deep_furnace,set_deep_furnace,深層炉シリーズ,2:スキルCT軽減 +2% | 3:機械系ブレイク値 +5% | 5:ブレイク時追加ダメ,10,0,0,0,17,0,0,10,YES,5,40,playable,area_pool:探索：炉心監視塔,late,0.06/100 trace,NO,YES,
arm_set_deep_furnace_legs,深層炉腿当て,SSR,legs,,set_deep_furnace,set_deep_furnace,深層炉シリーズ,2:スキルCT軽減 +2% | 3:機械系ブレイク値 +5% | 5:ブレイク時追加ダメ,10,0,0,0,16,0,0,10,YES,5,40,playable,area_pool:探索：アーク残滓研究所,late,0.07/100 trace,NO,YES,
arm_set_dragonbone_arms,竜骨篭手,SR,arms,,set_dragonbone,set_dragonbone,竜骨シリーズ,2:会心率 +3% | 3:大型敵ダメージ +5% | 5:部位破壊時追加報酬,10,0,0,0,12,0,0,7,YES,5,40,playable,area_pool:探索：竜骨の峡谷,late_pre,0.32/100 trace,NO,YES,
arm_set_dragonbone_body,竜骨鎧,SR,body,,set_dragonbone,set_dragonbone,竜骨シリーズ,2:会心率 +3% | 3:大型敵ダメージ +5% | 5:部位破壊時追加報酬,20,0,0,0,15,0,0,7,YES,5,40,playable,area_pool:探索：骨喰い鳥の巣,late_pre,0.32/100 trace,NO,YES,
arm_set_dragonbone_feet,竜骨靴,SR,feet,,set_dragonbone,set_dragonbone,竜骨シリーズ,2:会心率 +3% | 3:大型敵ダメージ +5% | 5:部位破壊時追加報酬,10,0,0,0,12,0,0,7,YES,5,40,playable,area_pool:探索：古竜の裂け目,late_pre,0.33/100 trace,NO,YES,
arm_set_dragonbone_head,竜骨兜,SR,head,,set_dragonbone,set_dragonbone,竜骨シリーズ,2:会心率 +3% | 3:大型敵ダメージ +5% | 5:部位破壊時追加報酬,10,0,0,0,13,0,0,7,YES,5,40,playable,area_pool:探索：大骨市場跡,late_pre,0.31/100 trace,NO,YES,
arm_set_dragonbone_legs,竜骨腿当て,SR,legs,,set_dragonbone,set_dragonbone,竜骨シリーズ,2:会心率 +3% | 3:大型敵ダメージ +5% | 5:部位破壊時追加報酬,10,0,0,0,12,0,0,7,YES,5,40,playable,area_pool:探索：竜鳴きの崖,late_pre,0.31/100 trace,NO,YES,
arm_set_glass_arms,硝子沼篭手,SR,arms,,set_glass,set_glass,硝子沼シリーズ,2:回避 +3% | 3:魔法被ダメ -4% | 5:回避成功時敵に小ダメ,10,0,0,0,11,0,0,7,YES,5,40,playable,area_pool:探索：沼底の参道,late_pre,0.31/100 trace,NO,YES,
arm_set_glass_body,硝子沼鎧,SR,body,,set_glass,set_glass,硝子沼シリーズ,2:回避 +3% | 3:魔法被ダメ -4% | 5:回避成功時敵に小ダメ,20,0,0,0,14,0,0,7,YES,5,40,playable,area_pool:探索：割れた水面,late_pre,0.32/100 trace,NO,YES,
arm_set_glass_feet,硝子沼靴,SR,feet,,set_glass,set_glass,硝子沼シリーズ,2:回避 +3% | 3:魔法被ダメ -4% | 5:回避成功時敵に小ダメ,10,0,0,0,11,0,0,7,YES,5,40,playable,area_pool:探索：硝子花の群生地,late_pre,0.33/100 trace,NO,YES,
arm_set_glass_head,硝子沼兜,SR,head,,set_glass,set_glass,硝子沼シリーズ,2:回避 +3% | 3:魔法被ダメ -4% | 5:回避成功時敵に小ダメ,10,0,0,0,12,0,0,7,YES,5,40,playable,area_pool:探索：硝子沼,late_pre,0.32/100 trace,NO,YES,
arm_set_glass_legs,硝子沼腿当て,SR,legs,,set_glass,set_glass,硝子沼シリーズ,2:回避 +3% | 3:魔法被ダメ -4% | 5:回避成功時敵に小ダメ,10,0,0,0,11,0,0,7,YES,5,40,playable,area_pool:探索：反射する森,late_pre,0.32/100 trace,NO,YES,
arm_set_iron_snow_arms,鉄雪篭手,SSR,arms,,set_iron_snow,set_iron_snow,鉄雪シリーズ,2:防御 +4% | 3:氷属性耐性 +8% | 5:防御時味方全体小バリア,10,0,0,0,17,0,0,10,YES,5,40,playable,area_pool:探索：実験区画 / valhalla:ヴァルハラ：実験区画,valhalla,0.07/100 trace,NO,YES,
arm_set_iron_snow_body,鉄雪鎧,SSR,body,,set_iron_snow,set_iron_snow,鉄雪シリーズ,2:防御 +4% | 3:氷属性耐性 +8% | 5:防御時味方全体小バリア,20,0,0,0,20,0,0,10,YES,5,40,playable,area_pool:探索：機械兵格納庫 / valhalla:ヴァルハラ：機械兵格納庫,valhalla,0.06/100 trace,NO,YES,
arm_set_iron_snow_feet,鉄雪靴,SSR,feet,,set_iron_snow,set_iron_snow,鉄雪シリーズ,2:防御 +4% | 3:氷属性耐性 +8% | 5:防御時味方全体小バリア,10,0,0,0,17,0,0,10,YES,5,40,playable,area_pool:探索：空塞昇降路 / valhalla:ヴァルハラ：空塞昇降路,valhalla,0.06/100 trace,NO,YES,
arm_set_iron_snow_head,鉄雪兜,SSR,head,,set_iron_snow,set_iron_snow,鉄雪シリーズ,2:防御 +4% | 3:氷属性耐性 +8% | 5:防御時味方全体小バリア,10,0,0,0,18,0,0,10,YES,5,40,playable,area_pool:探索：ヴァルハラ外郭 / valhalla:ヴァルハラ：ヴァルハラ外郭,valhalla,0.06/100 trace,NO,YES,
arm_set_iron_snow_legs,鉄雪腿当て,SSR,legs,,set_iron_snow,set_iron_snow,鉄雪シリーズ,2:防御 +4% | 3:氷属性耐性 +8% | 5:防御時味方全体小バリア,10,0,0,0,17,0,0,10,YES,5,40,playable,area_pool:探索：落星孔,valhalla,0.08/100 trace,NO,YES,
arm_set_mist_arms,霧守り篭手,R,arms,,set_mist,set_mist,霧守りシリーズ,2:毒耐性 +10% | 3:回避 +3% | 5:状態異常低確率無効,10,0,0,0,8,0,0,5,NO,5,40,playable,area_pool:探索：霧深き獣道,early,0.81/100 trace,NO,YES,
arm_set_mist_body,霧守り鎧,R,body,,set_mist,set_mist,霧守りシリーズ,2:毒耐性 +10% | 3:回避 +3% | 5:状態異常低確率無効,20,0,0,0,11,0,0,5,NO,5,40,playable,area_pool:探索：迷い茸の群生地,mid,0.82/100 trace,NO,YES,
arm_set_mist_feet,霧守り靴,R,feet,,set_mist,set_mist,霧守りシリーズ,2:毒耐性 +10% | 3:回避 +3% | 5:状態異常低確率無効,10,0,0,0,8,0,0,5,NO,5,40,playable,area_pool:探索：眠れる獣の巣,mid,0.83/100 trace,NO,YES,
arm_set_mist_head,霧守り兜,R,head,,set_mist,set_mist,霧守りシリーズ,2:毒耐性 +10% | 3:回避 +3% | 5:状態異常低確率無効,10,0,0,0,9,0,0,5,NO,5,40,playable,area_pool:探索：古樹の根元,mid,0.81/100 trace,NO,YES,
arm_set_mist_legs,霧守り腿当て,R,legs,,set_mist,set_mist,霧守りシリーズ,2:毒耐性 +10% | 3:回避 +3% | 5:状態異常低確率無効,10,0,0,0,8,0,0,5,NO,5,40,playable,area_pool:探索：毒蔦の小径,early,0.81/100 trace,NO,YES,
arm_set_moon_arms,月下篭手,SR,arms,,set_moon,set_moon,月下シリーズ,2:魔力 +3% | 3:解析済み敵ダメージ +5% | 5:戦闘開始時敵情報開示,10,0,0,0,11,0,0,7,YES,5,40,playable,area_pool:探索：月下図書館・禁書区画,mid,0.30/100 trace,NO,YES,
arm_set_moon_body,月下鎧,SR,body,,set_moon,set_moon,月下シリーズ,2:魔力 +3% | 3:解析済み敵ダメージ +5% | 5:戦闘開始時敵情報開示,20,0,0,0,14,0,0,7,YES,5,40,playable,area_pool:探索：影写しの閲覧室,mid,0.29/100 trace,NO,YES,
arm_set_moon_feet,月下靴,SR,feet,,set_moon,set_moon,月下シリーズ,2:魔力 +3% | 3:解析済み敵ダメージ +5% | 5:戦闘開始時敵情報開示,10,0,0,0,11,0,0,7,YES,5,40,playable,area_pool:探索：無答の書庫,late_pre,0.30/100 trace,NO,YES,
arm_set_moon_head,月下兜,SR,head,,set_moon,set_moon,月下シリーズ,2:魔力 +3% | 3:解析済み敵ダメージ +5% | 5:戦闘開始時敵情報開示,10,0,0,0,12,0,0,7,YES,5,40,playable,area_pool:探索：記録端末室,mid,0.30/100 trace,NO,YES,
arm_set_moon_legs,月下腿当て,SR,legs,,set_moon,set_moon,月下シリーズ,2:魔力 +3% | 3:解析済み敵ダメージ +5% | 5:戦闘開始時敵情報開示,10,0,0,0,11,0,0,7,YES,5,40,playable,area_pool:探索：紙魚の回廊,mid,0.30/100 trace,NO,YES,
arm_set_old_king_arms,旧王篭手,UR,arms,,set_old_king,set_old_king,旧王シリーズ,2:攻撃 +4% | 3:精神攻撃耐性 +8% | 5:HP50%以下スキル威力上昇・被ダメ増,10,0,0,0,20,0,0,15,YES,5,40,playable,area_pool:探索：旧王の玉座 / valhalla:ヴァルハラ：旧王の玉座,valhalla,0.07/100 trace,NO,YES,
arm_set_old_king_body,旧王鎧,UR,body,,set_old_king,set_old_king,旧王シリーズ,2:攻撃 +4% | 3:精神攻撃耐性 +8% | 5:HP50%以下スキル威力上昇・被ダメ増,20,0,0,0,23,0,0,15,YES,5,40,playable,area_pool:探索：マキナの残響区画 / valhalla:ヴァルハラ：マキナの残響区画,valhalla,0.05/100 trace,NO,YES,
arm_set_old_king_feet,旧王靴,UR,feet,,set_old_king,set_old_king,旧王シリーズ,2:攻撃 +4% | 3:精神攻撃耐性 +8% | 5:HP50%以下スキル威力上昇・被ダメ増,10,0,0,0,20,0,0,15,YES,5,40,playable,area_pool:探索：マキナの残響区画 / valhalla:ヴァルハラ：マキナの残響区画,valhalla,0.09/100 trace,NO,YES,
arm_set_old_king_head,旧王兜,UR,head,,set_old_king,set_old_king,旧王シリーズ,2:攻撃 +4% | 3:精神攻撃耐性 +8% | 5:HP50%以下スキル威力上昇・被ダメ増,10,0,0,0,21,0,0,15,YES,5,40,playable,area_pool:探索：旧王の玉座 / valhalla:ヴァルハラ：旧王の玉座,valhalla,0.03/100 trace,NO,YES,
arm_set_old_king_legs,旧王腿当て,UR,legs,,set_old_king,set_old_king,旧王シリーズ,2:攻撃 +4% | 3:精神攻撃耐性 +8% | 5:HP50%以下スキル威力上昇・被ダメ増,10,0,0,0,20,0,0,15,YES,5,40,playable,area_pool:探索：深層炉心 / valhalla:ヴァルハラ：深層炉心,valhalla,0.08/100 trace,NO,YES,
arm_set_old_road_arms,古道篭手,R,arms,,set_old_road,set_old_road,古道シリーズ,2:速度 +2% | 3:逃走成功率 +5% | 5:探索イベント発生率 +5%,10,0,0,0,6,0,0,5,NO,5,40,playable,area_pool:探索：盗賊の抜け道 / shop:ショップ：old_road_village,early,0.81/100 trace,NO,YES,
arm_set_old_road_body,古道鎧,R,body,,set_old_road,set_old_road,古道シリーズ,2:速度 +2% | 3:逃走成功率 +5% | 5:探索イベント発生率 +5%,20,0,0,0,9,0,0,5,NO,5,40,playable,area_pool:探索：石積みの橋,early,0.81/100 trace,NO,YES,
arm_set_old_road_feet,古道靴,R,feet,,set_old_road,set_old_road,古道シリーズ,2:速度 +2% | 3:逃走成功率 +5% | 5:探索イベント発生率 +5%,10,0,0,0,6,0,0,5,NO,5,40,playable,area_pool:探索：朽ちた旅籠 / shop:ショップ：old_road_village,early,0.81/100 trace,NO,YES,
arm_set_old_road_head,古道兜,R,head,,set_old_road,set_old_road,古道シリーズ,2:速度 +2% | 3:逃走成功率 +5% | 5:探索イベント発生率 +5%,10,0,0,0,7,0,0,5,NO,5,40,playable,area_pool:探索：朽ちた旅籠 / shop:ショップ：old_road_village,early,0.81/100 trace,NO,YES,
arm_set_old_road_legs,古道腿当て,R,legs,,set_old_road,set_old_road,古道シリーズ,2:速度 +2% | 3:逃走成功率 +5% | 5:探索イベント発生率 +5%,10,0,0,0,6,0,0,5,NO,5,40,playable,area_pool:探索：旅人の墓標 / shop:ショップ：old_road_village,early,0.82/100 trace,NO,YES,
arm_set_rain_arms,雨音篭手,R,arms,,set_rain,set_rain,雨音シリーズ,2:MP +3% | 3:毒耐性 +8% | 5:ターン終了時低確率MP回復,10,0,0,0,7,0,0,5,NO,5,40,playable,area_pool:探索：雨漏りの礼拝堂,early,0.81/100 trace,NO,YES,
arm_set_rain_body,雨音鎧,R,body,,set_rain,set_rain,雨音シリーズ,2:MP +3% | 3:毒耐性 +8% | 5:ターン終了時低確率MP回復,20,0,0,0,10,0,0,5,NO,5,40,playable,area_pool:探索：水没した家屋,early,0.81/100 trace,NO,YES,
arm_set_rain_feet,雨音靴,R,feet,,set_rain,set_rain,雨音シリーズ,2:MP +3% | 3:毒耐性 +8% | 5:ターン終了時低確率MP回復,10,0,0,0,7,0,0,5,NO,5,40,playable,area_pool:探索：泥濘の畑,early,0.82/100 trace,NO,YES,
arm_set_rain_head,雨音兜,R,head,,set_rain,set_rain,雨音シリーズ,2:MP +3% | 3:毒耐性 +8% | 5:ターン終了時低確率MP回復,10,0,0,0,8,0,0,5,NO,5,40,playable,area_pool:探索：雨音の路地,early,0.81/100 trace,NO,YES,
arm_set_rain_legs,雨音腿当て,R,legs,,set_rain,set_rain,雨音シリーズ,2:MP +3% | 3:毒耐性 +8% | 5:ターン終了時低確率MP回復,10,0,0,0,7,0,0,5,NO,5,40,playable,area_pool:探索：泥濘の畑,early,0.82/100 trace,NO,YES,
arm_set_red_ash_arms,赤灰篭手,SR,arms,,set_red_ash,set_red_ash,赤灰シリーズ,2:攻撃+2%/防御+2% | 3:炎属性ダメージ +5% | 5:被弾時低確率攻撃上昇,10,0,0,0,13,0,0,7,YES,5,40,playable,area_pool:探索：砦地下倉庫,late_pre,0.31/100 trace,NO,YES,
arm_set_red_ash_body,赤灰鎧,SR,body,,set_red_ash,set_red_ash,赤灰シリーズ,2:攻撃+2%/防御+2% | 3:炎属性ダメージ +5% | 5:被弾時低確率攻撃上昇,20,0,0,0,16,0,0,7,YES,5,40,playable,area_pool:探索：焼けた兵舎,late_pre,0.31/100 trace,NO,YES,
arm_set_red_ash_feet,赤灰靴,SR,feet,,set_red_ash,set_red_ash,赤灰シリーズ,2:攻撃+2%/防御+2% | 3:炎属性ダメージ +5% | 5:被弾時低確率攻撃上昇,10,0,0,0,13,0,0,7,YES,5,40,playable,area_pool:探索：赤灰の見張り台,late_pre,0.33/100 trace,NO,YES,
arm_set_red_ash_head,赤灰兜,SR,head,,set_red_ash,set_red_ash,赤灰シリーズ,2:攻撃+2%/防御+2% | 3:炎属性ダメージ +5% | 5:被弾時低確率攻撃上昇,10,0,0,0,14,0,0,7,YES,5,40,playable,area_pool:探索：赤灰の外壁,late_pre,0.31/100 trace,NO,YES,
arm_set_red_ash_legs,赤灰腿当て,SR,legs,,set_red_ash,set_red_ash,赤灰シリーズ,2:攻撃+2%/防御+2% | 3:炎属性ダメージ +5% | 5:被弾時低確率攻撃上昇,10,0,0,0,13,0,0,7,YES,5,40,playable,area_pool:探索：炎の訓練場,late_pre,0.32/100 trace,NO,YES,
arm_set_silence_arms,沈黙篭手,SR,arms,,set_silence,set_silence,沈黙シリーズ,2:精神 +3% | 3:状態異常回復効果 +5% | 5:戦闘不能時1度耐える,10,0,0,0,11,0,0,7,YES,5,40,playable,area_pool:探索：祈りの間,late_pre,0.31/100 trace,NO,YES,
arm_set_silence_body,沈黙鎧,SR,body,,set_silence,set_silence,沈黙シリーズ,2:精神 +3% | 3:状態異常回復効果 +5% | 5:戦闘不能時1度耐える,20,0,0,0,14,0,0,7,YES,5,40,playable,area_pool:探索：懺悔室,late_pre,0.31/100 trace,NO,YES,
arm_set_silence_feet,沈黙靴,SR,feet,,set_silence,set_silence,沈黙シリーズ,2:精神 +3% | 3:状態異常回復効果 +5% | 5:戦闘不能時1度耐える,10,0,0,0,11,0,0,7,YES,5,40,playable,area_pool:探索：聖水工房跡,late_pre,0.32/100 trace,NO,YES,
arm_set_silence_head,沈黙兜,SR,head,,set_silence,set_silence,沈黙シリーズ,2:精神 +3% | 3:状態異常回復効果 +5% | 5:戦闘不能時1度耐える,10,0,0,0,12,0,0,7,YES,5,40,playable,area_pool:探索：祈りの間,late_pre,0.31/100 trace,NO,YES,
arm_set_silence_legs,沈黙腿当て,SR,legs,,set_silence,set_silence,沈黙シリーズ,2:精神 +3% | 3:状態異常回復効果 +5% | 5:戦闘不能時1度耐える,10,0,0,0,11,0,0,7,YES,5,40,playable,area_pool:探索：無言の巡礼路,late,0.33/100 trace,NO,YES,
arm_set_silver_arms,白銀篭手,R,arms,,set_silver,set_silver,白銀シリーズ,2:防御 +3% | 3:ブレイク耐性 +5% | 5:防御時低確率反撃,10,0,0,0,8,0,0,5,NO,5,40,playable,area_pool:探索：白銀坑道 / shop:ショップ：silver_mine,early,0.81/100 trace,NO,YES,
arm_set_silver_body,白銀鎧,R,body,,set_silver,set_silver,白銀シリーズ,2:防御 +3% | 3:ブレイク耐性 +5% | 5:防御時低確率反撃,20,0,0,0,11,0,0,5,NO,5,40,playable,area_pool:探索：崩落した作業場,early,0.81/100 trace,NO,YES,
arm_set_silver_feet,白銀靴,R,feet,,set_silver,set_silver,白銀シリーズ,2:防御 +3% | 3:ブレイク耐性 +5% | 5:防御時低確率反撃,10,0,0,0,8,0,0,5,NO,5,40,playable,area_pool:探索：黒鉄鉱脈 / shop:ショップ：silver_mine,mid,0.83/100 trace,NO,YES,
arm_set_silver_head,白銀兜,R,head,,set_silver,set_silver,白銀シリーズ,2:防御 +3% | 3:ブレイク耐性 +5% | 5:防御時低確率反撃,10,0,0,0,9,0,0,5,NO,5,40,playable,area_pool:探索：結晶の縦穴 / shop:ショップ：silver_mine,early,0.81/100 trace,NO,YES,
arm_set_silver_legs,白銀腿当て,R,legs,,set_silver,set_silver,白銀シリーズ,2:防御 +3% | 3:ブレイク耐性 +5% | 5:防御時低確率反撃,10,0,0,0,8,0,0,5,NO,5,40,playable,area_pool:探索：旧採掘路 / shop:ショップ：silver_mine,early,0.81/100 trace,NO,YES,
arm_set_starfall_arms,星落ち篭手,SSR,arms,,set_starfall,set_starfall,星落ちシリーズ,2:魔力 +4% | 3:星属性ダメ +5% | 5:スキル使用時低確率追加星弾,10,0,0,0,15,0,0,10,YES,5,40,playable,area_pool:探索：砕けた望遠塔,late,0.06/100 trace,NO,YES,
arm_set_starfall_body,星落ち鎧,SSR,body,,set_starfall,set_starfall,星落ちシリーズ,2:魔力 +4% | 3:星属性ダメ +5% | 5:スキル使用時低確率追加星弾,20,0,0,0,18,0,0,10,YES,5,40,playable,area_pool:探索：天文記録室,valhalla,0.07/100 trace,NO,YES,
arm_set_starfall_feet,星落ち靴,SSR,feet,,set_starfall,set_starfall,星落ちシリーズ,2:魔力 +4% | 3:星属性ダメ +5% | 5:スキル使用時低確率追加星弾,10,0,0,0,15,0,0,10,YES,5,40,playable,area_pool:探索：星落ちの観測台,late,0.06/100 trace,NO,YES,
arm_set_starfall_head,星落ち兜,SSR,head,,set_starfall,set_starfall,星落ちシリーズ,2:魔力 +4% | 3:星属性ダメ +5% | 5:スキル使用時低確率追加星弾,10,0,0,0,16,0,0,10,YES,5,40,playable,area_pool:探索：星屑の実験室,late,0.06/100 trace,NO,YES,
arm_set_starfall_legs,星落ち腿当て,SSR,legs,,set_starfall,set_starfall,星落ちシリーズ,2:魔力 +4% | 3:星属性ダメ +5% | 5:スキル使用時低確率追加星弾,10,0,0,0,15,0,0,10,YES,5,40,playable,area_pool:探索：落星孔,valhalla,0.08/100 trace,NO,YES,
arm_set_starfield_arms,星原篭手,R,arms,,set_starfield,set_starfield,星原シリーズ,2:HP +3% | 3:探索素材入手率 +5% | 5:戦闘開始時小バリア,10,0,0,0,6,0,0,5,NO,5,40,playable,area_pool:探索：夜歩きの丘 / shop:ショップ：start_starfield,early,0.81/100 trace,NO,YES,
arm_set_starfield_body,星原鎧,R,body,,set_starfield,set_starfield,星原シリーズ,2:HP +3% | 3:探索素材入手率 +5% | 5:戦闘開始時小バリア,20,0,0,0,9,0,0,5,NO,5,40,playable,shop:ショップ：start_starfield,early,0/none,NO,YES,
arm_set_starfield_feet,星原靴,R,feet,,set_starfield,set_starfield,星原シリーズ,2:HP +3% | 3:探索素材入手率 +5% | 5:戦闘開始時小バリア,10,0,0,0,6,0,0,5,NO,5,40,playable,area_pool:探索：古い訓練場 / shop:ショップ：start_starfield,early,0.81/100 trace,NO,YES,
arm_set_starfield_head,星原兜,R,head,,set_starfield,set_starfield,星原シリーズ,2:HP +3% | 3:探索素材入手率 +5% | 5:戦闘開始時小バリア,10,0,0,0,7,0,0,5,NO,5,40,playable,area_pool:探索：星屑の草道 / shop:ショップ：start_starfield,early,0.81/100 trace,NO,YES,
arm_set_starfield_legs,星原腿当て,R,legs,,set_starfield,set_starfield,星原シリーズ,2:HP +3% | 3:探索素材入手率 +5% | 5:戦闘開始時小バリア,10,0,0,0,6,0,0,5,NO,5,40,playable,area_pool:探索：壊れた祠 / shop:ショップ：start_starfield,early,0.82/100 trace,NO,YES,
arm_set_twilight_arms,薄明篭手,R,arms,,set_twilight,set_twilight,薄明シリーズ,2:回復効果 +3% | 3:救難参加時被回復量 +5% | 5:味方回復時自己も少量回復,10,0,0,0,7,0,0,5,NO,5,40,playable,area_pool:探索：灯台下の岩場,early,0.81/100 trace,NO,YES,
arm_set_twilight_body,薄明鎧,R,body,,set_twilight,set_twilight,薄明シリーズ,2:回復効果 +3% | 3:救難参加時被回復量 +5% | 5:味方回復時自己も少量回復,20,0,0,0,10,0,0,5,NO,5,40,playable,area_pool:探索：海霧の倉庫街,early,0.82/100 trace,NO,YES,
arm_set_twilight_feet,薄明靴,R,feet,,set_twilight,set_twilight,薄明シリーズ,2:回復効果 +3% | 3:救難参加時被回復量 +5% | 5:味方回復時自己も少量回復,10,0,0,0,7,0,0,5,NO,5,40,playable,area_pool:探索：薄明の海岸,early,0.81/100 trace,NO,YES,
arm_set_twilight_head,薄明兜,R,head,,set_twilight,set_twilight,薄明シリーズ,2:回復効果 +3% | 3:救難参加時被回復量 +5% | 5:味方回復時自己も少量回復,10,0,0,0,8,0,0,5,NO,5,40,playable,area_pool:探索：潮騒の洞窟 / shop:ショップ：twilight_port,early,0.81/100 trace,NO,YES,
arm_set_twilight_legs,薄明腿当て,R,legs,,set_twilight,set_twilight,薄明シリーズ,2:回復効果 +3% | 3:救難参加時被回復量 +5% | 5:味方回復時自己も少量回復,10,0,0,0,7,0,0,5,NO,5,40,playable,area_pool:探索：沈没船の甲板,early,0.81/100 trace,NO,YES,
arm_set_valhalla_arms,ヴァルハラ篭手,UR,arms,,set_valhalla,set_valhalla,ヴァルハラシリーズ,2:全ステ +2% | 3:レイド中ダメ +5% | 5:ブレイク中追加ダメ・UR抽選微増,10,0,0,0,21,0,0,15,YES,5,40,playable,area_pool:探索：実験区画 / valhalla:ヴァルハラ：実験区画,valhalla,0.04/100 trace,NO,YES,
arm_set_valhalla_body,ヴァルハラ鎧,UR,body,,set_valhalla,set_valhalla,ヴァルハラシリーズ,2:全ステ +2% | 3:レイド中ダメ +5% | 5:ブレイク中追加ダメ・UR抽選微増,20,0,0,0,24,0,0,15,YES,5,40,playable,area_pool:探索：機械兵格納庫 / valhalla:ヴァルハラ：機械兵格納庫,valhalla,0.02/100 trace,NO,YES,
arm_set_valhalla_feet,ヴァルハラ靴,UR,feet,,set_valhalla,set_valhalla,ヴァルハラシリーズ,2:全ステ +2% | 3:レイド中ダメ +5% | 5:ブレイク中追加ダメ・UR抽選微増,10,0,0,0,21,0,0,15,YES,5,40,playable,area_pool:探索：空塞昇降路 / valhalla:ヴァルハラ：空塞昇降路,valhalla,0.03/100 trace,NO,YES,
arm_set_valhalla_head,ヴァルハラ兜,UR,head,,set_valhalla,set_valhalla,ヴァルハラシリーズ,2:全ステ +2% | 3:レイド中ダメ +5% | 5:ブレイク中追加ダメ・UR抽選微増,10,0,0,0,22,0,0,15,YES,5,40,playable,area_pool:探索：ヴァルハラ外郭 / valhalla:ヴァルハラ：ヴァルハラ外郭,valhalla,0.02/100 trace,NO,YES,
arm_set_valhalla_legs,ヴァルハラ腿当て,UR,legs,,set_valhalla,set_valhalla,ヴァルハラシリーズ,2:全ステ +2% | 3:レイド中ダメ +5% | 5:ブレイク中追加ダメ・UR抽選微増,10,0,0,0,21,0,0,15,YES,5,40,playable,area_pool:探索：統治軍制御室 / valhalla:ヴァルハラ：統治軍制御室,valhalla,0.06/100 trace,NO,YES,
wpn_apprentice_staff,見習い杖,N,weapon,staff,,,,,0,0,0,8,0,0,0,5,NO,5,50,playable,area_pool:探索：夜歩きの丘,early,0.54/100 trace,NO,YES,
wpn_ash_knight_shield,灰騎士の大盾,SR,weapon,shield,,,,,0,0,8,0,0,0,0,7,YES,5,50,progression,area_pool:探索：灰冠の王都地下,late_pre,0.53/100 trace,NO,YES,
wpn_ash_knight_sword,灰冠騎士剣,SSR,weapon,sword,,,,,0,0,30,0,0,0,0,10,YES,5,50,endgame,area_pool:探索：灰冠の王都地下 / area_pool:探索：灰の大通り,late_pre,0.13/100 trace,NO,YES,
wpn_ash_spear,灰冠の槍,R,weapon,spear,,,,,0,0,15,0,0,0,0,5,NO,5,50,progression,area_pool:探索：喪失者の広場,mid,1.4/100 low,NO,YES,
wpn_ash_wing_twin,灰翼の双刃,UR,weapon,dagger,,,,,0,0,40,0,0,0,0,15,YES,5,50,endgame,area_pool:探索：破れた玉座前,late_pre,0/none,NO,YES,
wpn_black_exec_blade,黒灯の処刑刃,SR,weapon,sword,,,,,0,0,22,0,0,0,0,7,YES,5,50,progression,area_pool:探索：契約失敗体の檻,mid,0.54/100 trace,NO,YES,
wpn_black_exec_sword,黒灯処刑剣,UR,weapon,sword,,,,,0,0,43,0,0,0,0,15,YES,5,50,endgame,area_pool:探索：仮面商人の隠し倉庫,late_pre,0/none,NO,YES,
wpn_black_iron_blade,黒鉄の処刑刃,SSR,weapon,sword,,,,,0,0,31,0,0,0,0,10,YES,5,50,endgame,area_pool:探索：黒鉄鉱脈,mid,0.08/100 trace,NO,YES,
wpn_black_lamp_twin,黒灯りの双刃,R,weapon,dagger,,,,,0,0,13,0,0,0,0,5,NO,5,50,progression,area_pool:探索：忘却の地下路 / area_pool:探索：黒灯りの路地,mid,1.3/100 low,NO,YES,
wpn_broken_wrap,欠けた拳帯,N,weapon,fist,,,,,0,0,6,0,0,0,0,5,NO,5,50,playable,area_pool:探索：古道の荷車跡,early,0.54/100 trace,NO,YES,
wpn_core_spear_grau,炉心槍グラウ,UR,weapon,spear,,,,,0,0,44,0,0,0,0,15,YES,5,50,endgame,area_pool:探索：機械兵格納庫 / valhalla:ヴァルハラ：機械兵格納庫,valhalla,0.05/100 trace,NO,YES,
wpn_cracked_axe,ひび割れた斧,N,weapon,axe,,,,,0,0,9,0,0,0,0,5,NO,5,50,playable,area_pool:探索：壊れた祠,early,0.54/100 trace,NO,YES,
wpn_crude_spear,粗末な槍,N,weapon,spear,,,,,0,0,9,0,0,0,0,5,NO,5,50,playable,area_pool:探索：古い訓練場,early,0.54/100 trace,NO,YES,
wpn_deep_cannon,深層機構砲,SSR,weapon,cannon,,,,,0,0,28,14,0,0,0,10,YES,5,50,endgame,area_pool:探索：深層炉入口,late_pre,0.10/100 trace,NO,YES,
wpn_deep_cannon_regin,深層砲レギン,UR,weapon,cannon,,,,,0,0,40,20,0,0,0,15,YES,5,50,endgame,area_pool:探索：アーク残滓研究所 / area_pool:探索：実験区画 / valhalla:ヴァルハラ：実験区画,late,0.07/100 trace,NO,YES,
wpn_dragon_fist,竜骨の拳甲,R,weapon,fist,,,,,0,0,14,0,0,0,0,5,NO,5,50,progression,area_pool:探索：眠れる獣の巣,mid,1.4/100 low,NO,YES,
wpn_dragon_fist_sr,竜骨の拳甲,SR,weapon,fist,,,,,0,0,22,0,0,0,0,7,YES,5,50,progression,area_pool:探索：竜鳴きの崖,late_pre,0.51/100 trace,NO,YES,
wpn_dragon_pierce,竜骨穿槍,SSR,weapon,spear,,,,,0,0,32,0,0,0,0,10,YES,5,50,endgame,area_pool:探索：竜骨の峡谷 / area_pool:探索：古竜の裂け目,late_pre,0.13/100 trace,NO,YES,
wpn_glass_blade,硝子沼の刃,R,weapon,sword,,,,,0,0,14,0,0,0,0,5,NO,5,50,progression,area_pool:探索：黒市の裏通り / area_pool:探索：硝子沼 / area_pool:探索：割れた水面,mid,1.4/100 low,NO,YES,
wpn_hollow_bell_bow,空鐘の弓,SSR,weapon,bow,,,,,0,0,29,0,0,0,0,10,YES,5,50,endgame,area_pool:探索：落星孔,valhalla,0.14/100 trace,NO,YES,
wpn_iron_scrap_barrel,鉄屑の砲筒,N,weapon,cannon,,,,,0,0,9,0,0,0,0,5,NO,5,50,playable,area_pool:探索：黒鉄鉱脈,mid,0.56/100 trace,NO,YES,
wpn_iron_snow_greatshield,鉄雪大盾,SSR,weapon,shield,,,,,0,0,12,0,0,0,0,10,YES,5,50,endgame,area_pool:探索：機械兵格納庫 / valhalla:ヴァルハラ：機械兵格納庫,valhalla,0.10/100 trace,NO,YES,
wpn_iron_snow_king_shield,鉄雪王盾,UR,weapon,shield,,,,,0,0,16,0,0,0,0,15,YES,5,50,endgame,area_pool:探索：深層炉心 / valhalla:ヴァルハラ：深層炉心,valhalla,0.13/100 trace,NO,YES,
wpn_iron_snow_shield,鉄雪の盾,R,weapon,shield,,,,,0,0,5,0,0,0,0,5,NO,5,50,progression,area_pool:探索：星落ちの観測台 / area_pool:探索：ヴァルハラ外郭 / valhalla:ヴァルハラ：ヴァルハラ外郭,late,1.3/100 low,NO,YES,
wpn_leather_gauntlet,皮巻きの拳甲,N,weapon,fist,,,,,0,0,7,0,0,0,0,5,NO,5,50,playable,shop:ショップ：start_starfield / shop:ショップ：old_road_village / start:ジョブ開始武器（序盤探索プール注入）,early,0.48/100 trace,NO,YES,
wpn_mini_cannon,小型機工砲,N,weapon,cannon,,,,,0,0,8,4,0,0,0,5,NO,5,50,playable,shop:ショップ：silver_mine / shop:ショップ：deep_furnace_outpost / start:ジョブ開始武器（序盤探索プール注入）,early,0.48/100 trace,NO,YES,
wpn_mist_bow_sr,霧払いの弓,SR,weapon,bow,,,,,0,0,20,0,0,0,0,7,YES,5,50,progression,area_pool:探索：反射する森,late_pre,0.53/100 trace,NO,YES,
wpn_mist_staff,霧払いの杖,R,weapon,staff,,,,,0,0,0,14,0,0,0,5,NO,5,50,progression,area_pool:探索：霧深き獣道 / start:ジョブ開始武器（序盤探索プール注入）,early,1.3/100 low,NO,YES,
wpn_moon_rod,月読の短杖,R,weapon,rod,,,,,0,0,0,13,0,0,0,5,NO,5,50,progression,area_pool:探索：月下図書館・禁書区画 / area_pool:探索：紙魚の回廊,mid,1.3/100 low,NO,YES,
wpn_moon_spell_staff,月下術杖,SSR,weapon,staff,,,,,0,0,0,34,0,0,0,10,YES,5,50,endgame,area_pool:探索：無答の書庫,late_pre,0.08/100 trace,NO,YES,
wpn_moon_staff_sr,月読の杖,SR,weapon,staff,,,,,0,0,0,22,0,0,0,7,YES,5,50,progression,area_pool:探索：記録端末室,mid,0.49/100 trace,NO,YES,
wpn_old_bow,古い弓,N,weapon,bow,,,,,0,0,7,0,0,0,0,5,NO,5,50,playable,shop:ショップ：old_road_village / shop:ショップ：mist_forest / start:ジョブ開始武器（序盤探索プール注入）,early,0.48/100 trace,NO,YES,
wpn_old_king_staff,旧王の魔杖,UR,weapon,staff,,,,,0,0,0,45,0,0,0,15,YES,5,50,endgame,area_pool:探索：旧王の玉座 / valhalla:ヴァルハラ：旧王の玉座,valhalla,0.11/100 trace,NO,YES,
wpn_old_road_dagger,古道の短剣,R,weapon,dagger,,,,,0,0,12,0,0,0,0,5,NO,5,50,progression,area_pool:探索：盗賊の抜け道,early,1.4/100 low,NO,YES,
wpn_old_road_knife,古道のナイフ,N,weapon,dagger,,,,,0,0,6,0,0,0,0,5,NO,5,50,playable,area_pool:探索：古道の荷車跡 / shop:ショップ：old_road_village,early,0.54/100 trace,NO,YES,
wpn_prayer_robe_weapon,祈り縫いの聖衣,SSR,weapon,robe,,,,,0,0,0,30,0,0,0,10,YES,5,50,endgame,area_pool:探索：祈りの間,late_pre,0.10/100 trace,NO,YES,
wpn_prayer_rod,祈りの短杖,N,weapon,rod,,,,,0,0,0,7,0,0,0,5,NO,5,50,playable,area_pool:探索：壊れた祠 / start:ジョブ開始武器（序盤探索プール注入）,early,0.48/100 trace,NO,YES,
wpn_rain_bow,雨濡れの弓,N,weapon,bow,,,,,0,0,7,0,0,0,0,5,NO,5,50,playable,area_pool:探索：沈没船の甲板 / area_pool:探索：雨音の路地 / shop:ショップ：rain_ruins,early,0.54/100 trace,NO,YES,
wpn_red_ash_axe,赤灰の斧,R,weapon,axe,,,,,0,0,16,0,0,0,0,5,NO,5,50,progression,area_pool:探索：呪具置き場 / area_pool:探索：焼けた兵舎,mid,1.3/100 low,NO,YES,
wpn_red_ash_axe_sr,赤灰の戦斧,SR,weapon,axe,,,,,0,0,24,0,0,0,0,7,YES,5,50,progression,area_pool:探索：赤灰の外壁 / area_pool:探索：炎の訓練場,late_pre,0.51/100 trace,NO,YES,
wpn_rust_dagger,錆びた短剣,N,weapon,dagger,,,,,0,0,6,0,0,0,0,5,NO,5,50,playable,area_pool:探索：夜歩きの丘 / start:ジョブ開始武器（序盤探索プール注入）,early,0.48/100 trace,NO,YES,
wpn_silence_seal,沈黙の聖印,R,weapon,seal,,,,,0,0,0,12,0,0,0,5,NO,5,50,progression,area_pool:探索：懺悔室,late_pre,1.3/100 low,NO,YES,
wpn_silence_seal_sr,沈黙の聖印,SR,weapon,seal,,,,,0,0,0,20,0,0,0,7,YES,5,50,progression,area_pool:探索：懺悔室 / area_pool:探索：無言の巡礼路,late_pre,0.52/100 trace,NO,YES,
wpn_silver_hammer,白銀の槌,R,weapon,hammer,,,,,0,0,16,0,0,0,0,5,NO,5,50,progression,area_pool:探索：白銀坑道 / shop:ショップ：silver_mine,early,1.4/100 low,NO,YES,
wpn_sky_bow_fress,空塞弓フレス,UR,weapon,bow,,,,,0,0,41,0,0,0,0,15,YES,5,50,endgame,area_pool:探索：空塞昇降路 / valhalla:ヴァルハラ：空塞昇降路,valhalla,0.05/100 trace,NO,YES,
wpn_src_bind,Src: 繋ぎ糸,Src,weapon,bind,,,,,0,0,0,37,0,0,0,10,NO,5,0,endgame,src_forge:Src変質：Src: 繋ぎ糸,early,0/none,NO,YES,
wpn_src_black_fox,Src: 黒狐刃,Src,weapon,dagger,,,,,0,0,38,0,0,0,0,10,NO,5,0,endgame,src_forge:Src変質：Src: 黒狐刃,early,0/none,NO,YES,
wpn_src_deep,Src: 深層砲,Src,weapon,cannon,,,,,0,0,38,19,0,0,0,10,NO,5,0,endgame,src_forge:Src変質：Src: 深層砲,early,0/none,NO,YES,
wpn_src_echo,Src: 残響弓,Src,weapon,bow,,,,,0,0,38,0,0,0,0,10,NO,5,0,endgame,src_forge:Src変質：Src: 残響弓,early,0/none,NO,YES,
wpn_src_lamp,Src: 灯火杖,Src,weapon,rod,,,,,0,0,0,40,0,0,0,10,NO,5,0,endgame,src_forge:Src変質：Src: 灯火杖,early,0/none,NO,YES,
wpn_src_mirror,Src: 灰鏡刀,Src,weapon,dagger,,,,,0,0,38,0,0,0,0,10,NO,5,0,endgame,src_forge:Src変質：Src: 灰鏡刀,early,0/none,NO,YES,
wpn_src_mist_lantern,Src: 霧灯星杖,Src,weapon,staff,,,,,0,0,0,40,0,0,0,10,NO,5,0,endgame,src_forge:Src変質：Src: 霧灯星杖,early,0/none,NO,YES,
wpn_src_old_shield,Src: 古王盾,Src,weapon,shield,,,,,0,0,17,0,0,0,0,10,NO,5,0,endgame,src_forge:Src変質：Src: 古王盾,early,0/none,NO,YES,
wpn_src_silence,Src: 静寂聖印,Src,weapon,seal,,,,,0,0,0,28,0,0,0,10,NO,5,0,endgame,src_forge:Src変質：Src: 静寂聖印,early,0/none,NO,YES,
wpn_src_silver,Src: 白銀槌,Src,weapon,hammer,,,,,0,0,38,0,0,0,0,10,NO,5,0,endgame,src_forge:Src変質：Src: 白銀槌,early,0/none,NO,YES,
wpn_src_star_scar,Src: 星痕槍,Src,weapon,spear,,,,,0,0,38,0,0,0,0,10,NO,5,0,endgame,src_forge:Src変質：Src: 星痕槍,early,0/none,NO,YES,
wpn_src_tuner,Src: 調律器,Src,weapon,tuner,,,,,0,0,0,37,0,0,0,10,NO,5,0,endgame,src_forge:Src変質：Src: 調律器,early,0/none,NO,YES,
wpn_src_twilight,Src: 黄昏剣,Src,weapon,sword,,,,,0,0,38,0,0,0,0,10,NO,5,0,endgame,src_forge:Src変質：Src: 黄昏剣,early,0/none,NO,YES,
wpn_starfall_judge,星落ちの裁杖,UR,weapon,staff,,,,,0,0,0,44,0,0,0,15,YES,5,50,endgame,area_pool:探索：砕けた望遠塔 / area_pool:探索：星屑の実験室,late,0.05/100 trace,NO,YES,
wpn_starfall_spear,星落ちの槍,SR,weapon,spear,,,,,0,0,23,0,0,0,0,7,YES,5,50,progression,area_pool:探索：逆さ時計塔,late_pre,0.54/100 trace,NO,YES,
wpn_starfield_sword,星原の剣,R,weapon,sword,,,,,0,0,14,0,0,0,0,5,NO,5,50,progression,area_pool:探索：星屑の草道 / shop:ショップ：start_starfield,early,1.4/100 low,NO,YES,
wpn_training_hammer,訓練用槌,N,weapon,hammer,,,,,0,0,9,0,0,0,0,5,NO,5,50,playable,shop:ショップ：old_road_village / shop:ショップ：silver_mine / start:ジョブ開始武器（序盤探索プール注入）,early,0.48/100 trace,NO,YES,
wpn_training_shield,訓練用大盾,N,weapon,shield,,,,,0,0,3,0,6,0,0,5,NO,5,50,playable,area_pool:探索：壊れた祠,early,0.54/100 trace,NO,YES,
wpn_traveler_sword,旅人の剣,N,weapon,sword,,,,,0,0,8,0,0,0,0,5,NO,5,50,playable,area_pool:探索：古い訓練場 / shop:ショップ：start_starfield / start:ジョブ開始武器（序盤探索プール注入） / start:冒険開始時,early,0.49/100 trace,NO,YES,
wpn_twilight_bow,薄明の弓,R,weapon,bow,,,,,0,0,13,0,0,0,0,5,NO,5,50,progression,area_pool:探索：薄明の海岸 / shop:ショップ：twilight_port,early,1.4/100 low,NO,YES,
wpn_unique_bind,古びた繋ぎ糸,Uni,weapon,bind,,,,,0,0,0,27,0,0,0,7,NO,5,50,progression,kai_forge:カイ伝承（Uni昇華） / kai_forge:Uni基礎 → Src: 繋ぎ糸,early,0/none,NO,YES,
wpn_unique_black_fox,黒狐の短刃,Uni,weapon,dagger,,,,,0,0,28,0,0,0,0,7,NO,5,50,progression,kai_forge:カイ伝承（Uni昇華） / kai_forge:Uni基礎 → Src: 黒狐刃,early,0/none,NO,YES,
wpn_unique_deep,深層の砲筒,Uni,weapon,cannon,,,,,0,0,28,14,0,0,0,7,NO,5,50,progression,area_pool:探索：機工整備場 / kai_forge:カイ伝承（Uni昇華） / kai_forge:Uni基礎 → Src: 深層砲,late,0.05/100 trace,NO,YES,
wpn_unique_echo,残響の古弓,Uni,weapon,bow,,,,,0,0,28,0,0,0,0,7,NO,5,50,progression,kai_forge:カイ伝承（Uni昇華） / kai_forge:Uni基礎 → Src: 残響弓,early,0/none,NO,YES,
wpn_unique_lamp,灯火の古杖,Uni,weapon,rod,,,,,0,0,0,29,0,0,0,7,NO,5,50,progression,kai_forge:カイ伝承（Uni昇華） / kai_forge:Uni基礎 → Src: 灯火杖,early,0/none,NO,YES,
wpn_unique_mirror,灰鏡の刀,Uni,weapon,dagger,,,,,0,0,28,0,0,0,0,7,NO,5,50,progression,kai_forge:カイ伝承（Uni昇華） / kai_forge:Uni基礎 → Src: 灰鏡刀,early,0/none,NO,YES,
wpn_unique_mist_lantern,霧灯の星杖,Uni,weapon,staff,,,,,0,0,0,29,0,0,0,7,NO,5,0,progression,kai_forge:カイ伝承（Uni昇華） / kai_forge:Uni基礎 → Src: 霧灯星杖,early,0/none,NO,YES,
wpn_unique_old_hammer,古炉の訓練槌,Uni,weapon,hammer,,,,,0,0,28,0,0,0,0,5,NO,5,0,progression,kai_forge:カイ伝承（Uni昇華）,early,0/none,NO,YES,
wpn_unique_old_shield,古王の割盾,Uni,weapon,shield,,,,,0,0,13,0,0,0,0,7,NO,5,50,progression,kai_forge:カイ伝承（Uni昇華） / kai_forge:Uni基礎 → Src: 古王盾,early,0/none,NO,YES,
wpn_unique_silence,静寂の聖印,SR,weapon,seal,,,,,0,0,0,20,0,0,0,7,YES,5,50,legacy,kai_forge:Uni基礎 → Src: 静寂聖印 / legacy:旧Uni「静寂の聖印」。Phase2でSR通常武器化済み。通常導線は wpn_silence_seal_sr を使用。Src基礎データ用にDB残存。,early,0/excluded,legacy:旧Uni「静寂の聖印」。Phase2でSR通常武器化済み。通常導線は wpn_silence_seal_sr を使用。Src基礎データ用にDB残存。,YES,acquisition_json=legacy
wpn_unique_silver,白銀の古槌,Uni,weapon,hammer,,,,,0,0,28,0,0,0,0,7,NO,5,50,progression,kai_forge:カイ伝承（Uni昇華） / kai_forge:Uni基礎 → Src: 白銀槌,early,0/none,NO,YES,
wpn_unique_star_scar,星痕の古槍,Uni,weapon,spear,,,,,0,0,28,0,0,0,0,7,NO,5,50,progression,kai_forge:カイ伝承（Uni昇華） / kai_forge:Uni基礎 → Src: 星痕槍,early,0/none,NO,YES,
wpn_unique_tuner,壊れた調律器,Uni,weapon,tuner,,,,,0,0,0,27,0,0,0,7,NO,5,50,progression,kai_forge:カイ伝承（Uni昇華） / kai_forge:Uni基礎 → Src: 調律器,early,0/none,NO,YES,
wpn_unique_twilight,黄昏の古剣,Uni,weapon,sword,,,,,0,0,28,0,0,0,0,7,NO,5,50,progression,kai_forge:カイ伝承（Uni昇華） / kai_forge:Uni基礎 → Src: 黄昏剣,early,0/none,NO,YES,
wpn_valhalla_blade,ヴァルハラ・ブレード,UR,weapon,sword,,,,,0,0,42,0,0,0,0,15,YES,5,50,endgame,area_pool:探索：ヴァルハラ外郭 / valhalla:ヴァルハラ：ヴァルハラ外郭,valhalla,0.02/100 trace,NO,YES,
wpn_wood_axe,木こりの斧,N,weapon,axe,,,,,0,0,10,0,0,0,0,5,NO,5,50,playable,area_pool:探索：星原の外れ,early,0.54/100 trace,NO,YES,
wpn_zero_shield,統治軍制式大盾・零式,UR,weapon,shield,,,,,0,0,18,0,0,0,0,15,YES,5,50,endgame,area_pool:探索：統治軍制御室 / valhalla:ヴァルハラ：統治軍制御室,valhalla,0.09/100 trace,NO,YES,